8.17594;4.34615;7.06508;2.71894;6.79822;46.5152;105.847;0.268327;0.140996;0.260368;0.736922;0.129885;0.142134;0.323431;0.185822;0.00764464;0.220439;0.200243;1.52563;0.0441564;0.601153;0.265981;0.315878;0.0668234;0.597882;0.72085;2.11656;0.216607;1.15344;0.592188;4;25;458.667;578.667;482.667;666.667;506.667;760;450.667;850.667;413.333;944;416;1034.67;461.333;1128;536;1192;629.333;1200;722.667;1170.67;805.333;1090.67;885.333;1002.67;933.333;912;965.333;818.667;986.667;728;1000;637.333;994.667;546.667;1533.33;517.333;1522.67;597.333;1509.33;677.333;1538.67;757.333;1565.33;840;1562.67;920;1528;994.667;1453.33;1061.33;1373.33;1077.33;1293.33;1061.33;1210.67;1013.33;1130.67;949.333;1061.33;869.333;1021.33;786.667;1002.67;706.667;1002.67;626.667;994.667;546.667;1028.45;256;1001.74;972.8;572.104;1135.3;1366.82;932.73
4.7588;2.33855;4.61055;2.272;5.42129;48.9195;49.8446;0.208646;0.0963716;0.233156;0.505851;0.12917;0.22122;0.225404;0.0361024;0.0663505;0.00473114;0.0157329;0.801938;0.221512;0.0347437;0.0834029;1.1429;0.285675;0.216001;0.379591;3.28323;0.410833;0.28671;0.356696;2;25;445.333;522.667;405.333;632;389.333;744;394.667;853.333;389.333;965.333;397.333;1077.33;445.333;1189.33;538.667;1274.67;650.667;1290.67;760;1266.67;872;1194.67;962.667;1085.33;1018.67;973.333;1045.33;861.333;1077.33;749.333;1053.33;642.667;1050.67;533.333;1656;546.667;1661.33;640;1653.33;738.667;1674.67;840;1674.67;938.667;1640;1040;1576;1138.67;1474.67;1189.33;1376;1184;1277.33;1154.67;1184;1106.67;1109.33;1018.67;1066.67;925.333;1050.67;826.667;1077.33;725.333;1053.33;632;1050.67;533.333;1058.04;212.911;1042.83;1273.12;551.83;1149.28;1514.27;953.754
1.23739;0.961302;1.15233;0.191024;2.85712;33.5388;35.4332;0.0464973;0.0382196;0.0486782;0.129088;0.0653981;0.148567;0.156959;0.0231927;0.0273132;0.0219257;0.0119152;0.291709;0.122978;0.100493;0.061515;0.248947;0.0428587;0.0663189;0.0887193;1.5226;0.150828;0.203258;0.215669;1;25;309.333;509.333;330.667;621.333;349.333;733.333;312;848;277.333;960;280;1074.67;328;1186.67;416;1274.67;528;1296;640;1269.33;754.667;1184;848;1072;917.333;957.333;981.333;845.333;1000;730.667;989.333;618.667;978.667;506.667;1648;504;1621.33;608;1600;714.667;1613.33;818.667;1640;925.333;1661.33;1029.33;1634.67;1136;1552;1232;1445.33;1253.33;1338.67;1218.67;1234.67;1138.67;1152;1032;1090.67;928;1026.67;821.333;1000;717.333;986.667;610.667;978.667;506.667;1018.93;184.668;1001.55;1268.78;501.861;1236.19;1555.55;1186.22
5.79103;2.20149;5.43918;3.2377;4.83915;48.7528;57.4489;0.229205;0.0851899;0.237436;1.10346;0.111446;0.20883;0.24608;0.0275808;0.233957;0.263175;0.238789;0.416533;0.416958;0.431343;0.246617;0.169117;0.66046;0.922175;0.495941;1.29924;0.823983;1.26604;0.471058;3;25;402.667;632;410.667;741.333;429.333;853.333;426.667;965.333;400;1077.33;397.333;1189.33;442.667;1298.67;541.333;1373.33;653.333;1386.67;765.333;1354.67;877.333;1290.67;978.667;1184;1050.67;1072;1085.33;960;1088;848;1069.33;736;1048;626.667;1696;624;1680;722.667;1666.67;821.333;1685.33;922.667;1704;1021.33;1709.33;1122.67;1672;1221.33;1573.33;1285.33;1474.67;1296;1376;1274.67;1274.67;1218.67;1184;1125.33;1125.33;1024;1093.33;925.333;1085.33;824;1069.33;725.333;1048;626.667;1073.24;269.397;1071.07;1307.88;680.011;1333.95;1549.04;1108.01
4.09725;3.20844;3.95444;0.745994;7.16432;58.0485;75.2259;0.17656;0.134622;0.203098;0.171007;0.188718;0.29153;0.377798;0.063029;0.0569749;0.183821;0.0480155;0.621595;0.14542;0.429076;0.105634;0.261122;0.384181;0.389254;0.174231;1.71999;0.371271;0.662299;0.225195;3;25;461.333;664;458.667;728;429.333;794.667;442.667;858.667;480;922.667;536;984;602.667;1008;666.667;1016;733.333;1005.33;794.667;976;858.667;941.333;925.333;912;989.333;864;1013.33;816;1002.67;749.333;1005.33;682.667;994.667;618.667;1530.67;576;1522.67;653.333;1517.33;733.333;1538.67;810.667;1549.33;890.667;1541.33;968;1506.67;1048;1437.33;1104;1357.33;1120;1280;1109.33;1200;1072;1122.67;1010.67;1061.33;930.667;1026.67;853.333;1008;773.333;1000;696;994.667;618.667;1001.55;295.468;1014.59;1105.83;577.901;862.506;1390.44;990.687
2.27537;1.20846;2.11267;0.904212;0.383223;7.33019;23.4065;0.103008;0.0530988;0.120968;0.170801;0.0106094;0.0409837;0.130868;0.0516448;0.00854995;0.0488167;0.0369093;0.838221;0.0359515;0.167191;0.099151;0.386803;0.0773281;0.190833;0.0984044;1.13694;0.145607;0.492513;0.195577;2;25;426.667;634.667;461.333;690.667;445.333;752;421.333;818.667;408;882.667;426.667;936;488;992;552;1002.67;618.667;1000;682.667;986.667;746.667;960;813.333;925.333;877.333;888;936;829.333;949.333;762.667;968;698.667;965.333;634.667;1504;632;1504;693.333;1504;757.333;1520;821.333;1525.33;885.333;1514.67;949.333;1472;1010.67;1408;1037.33;1341.33;1037.33;1277.33;1016;1213.33;981.333;1149.33;944;1085.33;890.667;1032;826.667;1002.67;762.667;992;698.667;965.333;634.667;981.997;319.366;971.134;1090.63;577.901;825.573;1412.16;890.75
1.21475;0.98536;0.711173;0.274187;1.18858;7.23964;26.8296;0.0604683;0.0482631;0.0436982;0.0662004;0.0368415;0.0515683;0.191108;0.218242;0.100249;0.0947407;0.172328;2.0602;0.212109;0.213987;0.281651;1.07543;0.180786;0.51219;0.905659;4.69335;0.284574;0.508098;0.701155;2;25;397.708;548.646;409.688;615.729;421.667;685.208;421.667;754.688;397.708;826.562;409.688;896.042;460;955.938;529.479;972.708;601.354;965.521;670.833;943.958;740.312;910.417;807.396;874.479;855.312;807.396;884.062;737.917;934.375;673.229;931.979;603.75;923;533;1449.48;517.5;1444.69;584.583;1435.1;651.667;1451.88;718.75;1461.46;788.229;1454.27;855.312;1401.56;915.208;1334.48;936.771;1265;931.979;1200.31;915.208;1140.42;869.688;1073.33;845.729;1013.44;797.812;967.917;733.125;934.375;666.042;934.375;598.958;922.396;531.875;906.931;215.842;906.931;1120.79;499.01;817.822;1350.5;792.079
5.40036;2.48725;5.31628;2.82903;5.4416;58.5347;64.4657;0.275297;0.117607;0.319384;0.628198;0.155991;0.347017;0.382179;0.085531;0.0316681;0.0220178;0.0692765;0.670906;0.11898;0.121177;0.0982755;0.457847;0.270473;0.427986;0.24793;2.5718;0.298013;0.750089;0.301816;3;25;482.667;693.333;477.333;765.333;488;840;496;912;493.333;986.667;533.333;1056;586.667;1128;661.333;1170.67;736;1178.67;808;1162.67;882.667;1122.67;952;1056;1013.33;981.333;1045.33;906.667;1053.33;834.667;1053.33;760;1016;688;1549.33;680;1514.67;741.333;1528;805.333;1536;869.333;1533.33;933.333;1509.33;994.667;1461.33;1053.33;1402.67;1088;1338.67;1093.33;1274.67;1082.67;1210.67;1053.33;1146.67;1005.33;1112;941.333;1101.33;877.333;1077.33;813.333;1050.67;749.333;1016;688;1034.14;410.614;1071.07;1268.78;699.564;1073.24;1401.3;890.75
0.569475;0.860719;0.138118;0.722601;1.11864;0.241587;20.5655;0.0241204;0.0344331;0.00675657;0.158644;0.0299388;0.00132153;0.112498;0.0168386;0.0111962;0.0676859;0.0518242;0.354041;0.108323;0.216789;0.11039;0.166124;0.0405363;0.20588;0.249911;0.773408;0.17254;0.392876;0.328712;2;25;504;589.333;506.667;650.667;530.667;717.333;530.667;784;530.667;850.667;536;914.667;576;981.333;637.333;1037.33;704;1048;768;1032;834.667;989.333;896;922.667;938.667;856;978.667;792;1010.67;725.333;1005.33;658.667;1005.33;594.667;1506.67;602.667;1490.67;669.333;1466.67;738.667;1472;808;1477.33;877.333;1464;946.667;1442.67;1016;1381.33;1066.67;1312;1074.67;1242.67;1056;1173.33;1008;1117.33;938.667;1072;869.333;1042.67;800;1032;730.667;1032;661.333;1005.33;594.667;1025.45;275.915;1008.07;1062.38;645.25;916.82;1388.27;921.165
4.52432;3.18637;4.2074;1.02103;6.41626;50.1233;61.1663;0.226452;0.154662;0.259816;0.231616;0.177375;0.30527;0.372526;0.0490608;0.0152466;0.122756;0.0949274;0.462933;0.0815468;0.376043;0.12087;0.180799;0.0811712;0.554367;0.579707;0.891899;0.230461;0.74251;0.532753;4;25;520;589.333;546.667;661.333;546.667;749.333;514.667;834.667;498.667;922.667;514.667;1010.67;592;1090.67;680;1117.33;768;1120;856;1109.33;941.333;1053.33;1005.33;968;1061.33;896;1093.33;826.667;1085.33;738.667;1090.67;650.667;1122.67;568;1722.67;546.667;1709.33;648;1680;749.333;1688;850.667;1706.67;954.667;1712;1056;1672;1154.67;1578.67;1240;1477.33;1261.33;1376;1240;1272;1176;1192;1074.67;1136;973.333;1098.67;869.333;1088;768;1088;666.667;1122.67;568;1125.39;275.915;1040.66;1386.09;575.728;901.612;1601.18;1088.45
2.82786;3.00896;2.63782;0.371137;6.11102;45.9497;48.1344;0.108404;0.113554;0.108371;0.172021;0.174742;0.311827;0.326653;0.139195;0.331147;0.333815;0.235585;1.19316;0.424134;0.592759;0.259465;0.743286;0.467797;0.689554;0.579624;1.63942;0.498708;0.753021;0.460918;3;25;547.485;760.396;517.333;813.333;488;885.333;464;957.333;466.667;1029.33;496;1101.33;549.333;1160;621.333;1181.33;693.333;1173.33;765.333;1144;837.333;1088;885.333;1016;901.333;944;901.333;872;908.13;827.745;914.648;775.604;945.064;721.29;1498.67;690.667;1474.67;773.333;1458.67;856;1480;938.667;1490.67;1024;1501.33;1106.67;1480;1189.33;1410.67;1266.67;1328;1290.67;1245.33;1274.67;1160;1216;1098.67;1133.33;1058.67;1050.67;1034.67;965.333;1013.33;882.667;1001.55;825.573;1023.28;773.431;1010.24;275.915;947.236;1181.87;688.702;1110.18;1368.71;1205.77
5.32951;4.24246;4.51003;0.267572;4.70892;41.6158;124.919;0.208689;0.153753;0.197321;0.0564923;0.0983293;0.150906;0.452975;0.211483;0.145321;0.0175586;0.0547286;1.56018;0.237867;0.104007;0.153093;1.03748;0.301246;0.212713;0.339469;3.431;0.406155;0.438754;0.517773;3;25;413.875;569.078;411.411;665.156;406.484;763.698;359.677;862.24;332.578;963.245;339.969;1061.79;374.458;1160.33;458.219;1236.7;556.76;1249.02;655.302;1231.77;756.307;1189.89;854.849;1111.06;913.974;1012.52;950.927;911.51;973.099;812.969;982.953;714.427;1000.2;615.885;1586.52;662.693;1576.67;768.625;1574.2;879.484;1569.28;987.88;1584.06;1098.74;1586.52;1207.14;1549.57;1317.99;1451.03;1399.29;1340.17;1399.29;1229.31;1357.41;1120.91;1273.65;1034.69;1162.79;990.344;1054.4;973.099;943.536;970.635;835.141;982.953;724.281;1000.2;615.885;999.491;305.629;908.628;1232.84;532.786;1069.7;1360.88;1236.97
2.51335;1.11992;1.80789;0.687969;1.36979;16.4973;54.0922;0.112748;0.0511594;0.093695;0.265081;0.0374215;0.0908698;0.297948;0.050941;0.00444813;0.112722;0.021255;0.493771;0.0648401;0.233182;0.0664566;0.821928;0.0522535;0.936537;0.322849;2.36342;0.186851;0.725033;0.333291;2;25;450.667;605.333;464;680;485.333;754.667;474.667;829.333;474.667;906.667;498.667;978.667;552;1050.67;624;1088;698.667;1085.33;773.333;1058.67;850.667;1013.33;914.667;952;965.333;877.333;1005.33;800;1032;725.333;1021.33;650.667;1000;576;1549.33;546.667;1549.33;616;1538.67;688;1552;760;1552;832;1538.67;904;1512;976;1453.33;1040;1381.33;1050.67;1309.33;1034.67;1237.33;994.667;1165.33;930.667;1101.33;858.667;1072;786.667;1037.33;720;1021.33;648;1000;576;1038.48;308.504;1040.66;1179.7;682.184;1012.41;1455.62;949.409
3.14285;1.52423;2.98765;1.46342;2.72564;15.8258;30.1717;0.126113;0.0615544;0.142228;0.389602;0.0604684;0.0612988;0.116865;0.0690007;0.0341384;0.0791436;0.0523041;0.583581;0.130543;0.22898;0.109437;0.431583;0.187842;0.291024;0.139148;2.28662;0.316259;0.515161;0.194735;2;25;410.667;578.667;392;669.333;386.667;765.333;424;861.333;400;957.333;384;1053.33;402.667;1149.33;488;1221.33;584;1226.67;677.333;1197.33;773.333;1136;866.667;1050.67;944;960;989.333;864;1008;768;1026.67;672;1029.33;578.667;1648;578.667;1645.33;666.667;1624;757.333;1640;848;1661.33;936;1656;1026.67;1602.67;1117.33;1514.67;1165.33;1424;1176;1333.33;1152;1245.33;1101.33;1157.33;1024;1088;933.333;1040;845.333;1010.67;757.333;1026.67;666.667;1029.33;578.667;1014.59;321.539;1036.31;1212.29;556.175;1123.21;1507.76;1016.76
1.87373;0.635111;0.434036;0.201075;7.07957;79.8355;111.448;0.059295;0.0216377;0.0161554;0.080893;0.145378;0.277029;0.386723;0.171857;0.071697;0.240503;0.219147;1.86614;0.226523;0.550478;0.289123;0.855774;0.674364;0.760325;0.804744;5.03784;0.853422;1.172;0.870228;2;25;538.795;584.419;486.653;621.352;456.238;684.356;447.547;743.016;449.72;803.847;458.41;862.506;477.333;904;552;954.667;624;960;696;933.333;770.667;885.333;832;816;888;746.667;928;672;938.667;600;952;528;970;513;1402.67;442.667;1413.33;520;1405.33;600;1432;677.333;1461.33;757.333;1466.67;834.667;1453.33;914.667;1381.33;957.333;1301.33;978.667;1224;968;1144;922.667;1072;848;1013.33;768;965.333;690.667;946.667;610.667;954.667;533.333;970;513;929.856;236.809;947.236;862.506;536.622;903.785;1368.71;914.648
7.74076;5.15428;5.37557;0.22129;10.9667;77.8189;104.819;0.246552;0.179728;0.192796;0.277955;0.212028;0.232341;0.312953;0.0516947;0.0495785;0.00395467;0.0121632;0.617409;0.141143;0.0394105;0.0468446;0.790491;0.247567;0.0819844;0.297994;3.13429;0.351048;0.277856;0.398787;4;25;354.667;506.667;370.667;613.333;384;722.667;349.333;834.667;306.667;944;285.333;1053.33;306.667;1165.33;400;1261.33;512;1296;616;1253.33;725.333;1168;832;1066.67;912;962.667;949.333;853.333;978.667;741.333;1000;632;1002.67;522.667;1650.67;538.667;1640;624;1648;712;1650.67;802.667;1653.33;890.667;1618.67;978.667;1541.33;1061.33;1453.33;1109.33;1362.67;1122.67;1274.67;1096;1186.67;1042.67;1096;965.333;1024;877.333;981.333;789.333;992;698.667;1000;610.667;1002.67;522.667;1021.1;247.672;953.754;1086.28;445.375;1273.12;1409.99;1092.8
4.42013;3.63185;4.14428;0.512429;7.56178;78.353;84.8336;0.1731;0.147485;0.196198;0.146314;0.161245;0.292193;0.31636;0.121412;0.0229594;0.0655304;0.0326641;1.29985;0.117986;0.277159;0.134693;0.309721;0.0678652;0.125084;0.0575124;0.890878;0.187659;0.350926;0.16642;3;25;530.667;560;517.333;637.333;533.333;720;493.333;800;474.667;882.667;477.333;965.333;522.667;1045.33;597.333;1096;680;1098.67;760;1077.33;842.667;1029.33;920;957.333;976;874.667;1016;805.333;1010.67;725.333;1021.33;642.667;1040;562.667;1546.67;570.667;1568;658.667;1562.67;754.667;1602.67;850.667;1629.33;946.667;1626.67;1042.67;1584;1136;1493.33;1208;1397.33;1216;1301.33;1181.33;1205.33;1125.33;1117.33;1040;1056;944;1026.67;848;1013.33;752;1018.67;656;1040;562.667;1023.28;360.645;1012.41;1173.18;582.246;979.825;1514.27;1114.52
1.82714;3.65786;1.8088;1.84906;13.097;108.64;108.64;0.0794106;0.170539;0.0924097;0.986089;0.395934;0.689703;0.689703;0.135935;0.0790611;0.0591476;0.0685409;1.4286;0.191907;0.178878;0.194258;1.50191;0.43233;0.331675;1.16461;6.66877;0.542258;0.443035;1.15216;4;25;517.333;562.667;482.667;637.333;466.667;714.667;466.667;792;474.667;869.333;472;946.667;496;1024;568;1072;648;1082.67;725.333;1069.33;800;1021.33;877.333;965.333;954.667;906.667;1032;853.333;1069.33;786.667;1069.33;709.333;1074.67;632;1629.33;701.333;1610.67;746.667;1613.33;800;1608;850.667;1562.67;893.333;1514.67;920;1474.67;954.667;1424;957.333;1370.67;946.667;1322.67;925.333;1272;896;1218.67;864;1168;837.333;1130.67;786.667;1122.67;736;1098.67;682.667;1074.67;632;1092.8;299.813;1094.97;1140.59;690.874;988.515;1503.41;927.683
3.97462;2.62697;2.91847;0.291503;4.31484;49.6359;93.9785;0.155303;0.0955828;0.130702;0.056553;0.0911682;0.177702;0.336454;0.0821763;0.023849;0.0382943;0.060803;1.13299;0.0748863;0.183441;0.143011;0.722972;0.277295;0.493444;0.510561;3.718;0.353817;0.984859;0.55438;2;25;390;620;390;710;370;805;330;900;305;992.5;315;1087.5;357.5;1182.5;450;1237.5;545;1242.5;640;1222.5;732.5;1177.5;825;1102.5;892.5;1007.5;920;915;937.5;820;955;725;980;632.5;1567.5;647.5;1562.5;750;1560;852.5;1580;955;1605;1060;1595;1162.5;1537.5;1262.5;1437.5;1327.5;1335;1337.5;1232.5;1315;1127.5;1250;1040;1147.5;977.5;1045;950;940;937.5;837.5;950;735;980;632.5;982.472;309.115;903.717;1202.99;492.221;1055.32;1376.25;1159.67
5.42934;4.67728;4.67422;0.00305757;12.8299;135.592;143.9;0.182037;0.148593;0.191304;0.000434084;0.230639;0.367829;0.390365;0.0795545;0.0382184;0.0510106;0.0840318;0.944299;0.117008;0.198368;0.207275;0.200659;0.352435;0.123465;0.131117;1.50351;0.611181;0.26677;0.244845;3;25;464;386.667;461.333;496;434.667;608;378.667;720;346.667;832;357.333;941.333;400;1053.33;509.333;1130.67;621.333;1154.67;730.667;1136;842.667;1072;930.667;962.667;976;850.667;1010.67;741.333;1000;629.333;997.333;517.333;978.667;408;1493.33;432;1509.33;520;1549.33;608;1573.33;696;1573.33;784;1538.67;872;1464;954.667;1376;994.667;1288;1010.67;1200;997.333;1114.67;933.333;1074.67;845.333;1053.33;757.333;1005.33;669.333;997.333;581.333;989.333;493.333;978.667;408;997.205;117.318;1008.07;884.232;430.167;938.546;1479.51;795.157
5.34465;2.61051;5.34302;2.73252;1.14703;2.66691;47.3332;0.249343;0.11915;0.305086;0.62156;0.0301218;0.014059;0.249524;0.0773137;0.0349998;0.250756;0.0863322;1.42613;0.115509;0.729577;0.202019;0.422884;0.125713;0.990915;0.599295;2.07594;0.284727;1.27121;0.51669;3;25;594.667;536;594.667;608;592;682.667;586.667;757.333;578.667;832;568;906.667;626.667;952;696;1000;770.667;1008;845.333;1000;920;976;992;928;1048;866.667;1074.67;792;1082.67;717.333;1093.33;642.667;1090.67;570.667;1592;605.333;1610.67;666.667;1594.67;741.333;1562.67;813.333;1565.33;888;1568;962.667;1546.67;1034.67;1477.33;1088;1402.67;1090.67;1330.67;1064;1256;1010.67;1189.33;938.667;1128;864;1104;789.333;1098.67;717.333;1093.33;642.667;1090.67;570.667;1092.8;330.229;1075.42;1153.63;690.874;819.055;1499.07;995.033
4.39287;4.74403;4.38835;0.35568;9.91629;114.188;114.188;0.15045;0.159087;0.178863;0.0672921;0.193892;0.330906;0.330906;0.200136;0.367154;0.128594;0.0772104;1.51961;0.440995;0.293531;0.168349;1.00585;0.649859;0.528585;0.218394;2.51574;0.556086;0.52921;0.245989;3;25;306.667;656;290.667;757.333;282.667;861.333;264;965.333;242.667;1069.33;242.667;1173.33;282.667;1272;370.667;1362.67;474.667;1373.33;578.667;1354.67;682.667;1280;786.667;1189.33;885.333;1085.33;968;981.333;1010.67;877.333;1002.67;773.333;992;672;1674.67;688;1672;773.333;1674.67;861.333;1704;949.333;1725.33;1037.33;1714.67;1125.33;1653.33;1186.67;1565.33;1218.67;1477.33;1216;1392;1200;1304;1160;1216;1104;1130.67;1018.67;1072;930.667;1018.67;845.333;1002.67;757.333;992;672;1012.41;323.711;1018.93;1140.59;493.171;1197.08;1525.14;1053.69
0.464075;0.219433;0.11266;0.106773;0.382591;12.3159;25.2187;0.0187001;0.00841024;0.00542236;0.020092;0.00910955;0.0538164;0.110197;0.0471555;0.00535657;0.0102565;0.0420777;0.670519;0.0479164;0.0556842;0.127581;0.274195;0.114359;0.0639697;0.209481;1.62531;0.236134;0.207768;0.288829;1;25;399.438;638.062;394.25;726.25;412.406;814.438;440.938;905.219;422.781;993.406;417.594;1081.59;461.688;1143.84;536.906;1203.5;627.688;1216.47;715.875;1198.31;804.062;1151.62;894.844;1073.81;962.281;985.625;1006.38;897.438;1016.75;806.656;1014.16;718.469;1006.38;630.281;1613.31;622.5;1613.31;708.094;1577;796.281;1577;884.469;1600.34;970.062;1602.94;1058.25;1564.03;1146.44;1496.59;1195.72;1408.41;1208.69;1320.22;1182.75;1234.62;1138.66;1146.44;1066.03;1073.81;977.844;1040.09;892.25;1034.91;804.062;1027.12;715.875;1006.38;630.281;1009.09;279.966;1011.1;1174.25;531.734;1025.2;1502.55;1021.17
2.19059;1.69605;1.0309;0.665142;3.53707;42.3762;46.248;0.0856043;0.0624579;0.0463757;0.135037;0.0802326;0.160913;0.175615;0.0438412;0.0433655;0.0464799;0.0283471;0.271985;0.125607;0.198491;0.0830226;0.236252;0.030108;0.131298;0.120759;1.20575;0.0840683;0.294891;0.21488;2;25;392;714.667;378.667;802.667;394.667;893.333;397.333;981.333;384;1072;413.333;1157.33;466.667;1248;541.333;1304;632;1304;720;1277.33;810.667;1218.67;896;1141.33;968;1058.67;1032;970.667;1053.33;882.667;1050.67;794.667;1021.33;712;1650.67;709.333;1669.33;784;1650.67;866.667;1629.33;949.333;1637.33;1032;1640;1114.67;1600;1189.33;1517.33;1242.67;1432;1250.67;1349.33;1232;1266.67;1186.67;1184;1117.33;1114.67;1034.67;1061.33;954.667;1050.67;872;1048;789.333;1021.33;712;1023.28;364.99;1036.31;1207.94;630.042;1131.9;1481.69;1097.14
5.05124;3.27388;3.62169;0.347804;3.26412;51.2734;81.0688;0.238222;0.149481;0.202814;0.0859951;0.100596;0.380592;0.601758;0.0447999;0.00699688;0.0182189;0.0140534;0.435028;0.0693613;0.0878577;0.0598327;0.676168;0.0441346;0.183142;0.63447;2.93135;0.148182;0.368275;0.538842;3;25;370.667;680;381.333;752;386.667;837.333;392;920;381.333;1005.33;402.667;1090.67;469.333;1170.67;546.667;1221.33;632;1226.67;714.667;1197.33;800;1144;882.667;1074.67;957.333;992;1010.67;906.667;1040;824;1029.33;738.667;1000;656;1632;634.667;1640;704;1653.33;776;1661.33;848;1661.33;920;1653.33;992;1616;1042.67;1544;1082.67;1472;1085.33;1400;1069.33;1328;1040;1256;989.333;1184;925.333;1128;858.667;1114.67;786.667;1154.67;720;1001;657;1008.07;212.911;1025.45;1292.67;601.799;1062.38;1566.42;905.958
0.693568;0.541658;0.657903;0.116245;3.231;31.7707;35.6794;0.0314692;0.0239909;0.0364745;0.025603;0.0826322;0.159722;0.179373;0.0256902;0.00434672;0.00534189;0.00892004;0.401331;0.0506132;0.0404647;0.041594;0.300749;0.0142129;0.0418838;0.110231;1.74055;0.0739001;0.161002;0.23453;1;25;354.667;525.333;333.333;616;367.163;712.6;406.269;779.949;406.269;886.405;389.333;984;416;1069.33;504;1138.67;597.333;1154.67;690.667;1133.33;781.333;1085.33;869.333;1000;944;906.667;1005.33;816;1021.33;722.667;1013.33;629.333;1002.67;538.667;1653.33;552;1661.33;634.667;1645.33;720;1610.67;808;1608;893.333;1608;981.333;1589.33;1066.67;1517.33;1120;1432;1133.33;1346.67;1109.33;1258.67;1053.33;1181.33;970.667;1125.33;882.667;1074.67;797.333;1048;709.333;1032;624;1002.67;538.667;1031.97;249.844;1018.93;1240.53;525.76;977.652;1529.48;951.581
2.14534;1.51738;2.0299;0.51252;3.87278;38.668;45.3149;0.131261;0.0838963;0.149606;0.113438;0.133991;0.339327;0.397656;0.152777;0.0138209;0.00670147;0.0327521;1.08212;0.0572964;0.0414279;0.0708839;0.600811;0.284335;0.118472;0.156882;2.79709;0.393979;0.254744;0.228045;2;25;522.667;648;562.667;704;552;768;538.667;832;544;893.333;568;957.333;602.667;1013.33;666.667;1032;733.333;1034.67;797.333;1026.67;845.333;978.667;901.333;922.667;957.333;869.333;1018.67;824;1024;760;1029.33;696;1066.67;640;1613.33;632;1618.67;704;1594.67;776;1560;850.667;1549.33;920;1536;992;1477.33;1061.33;1408;1093.33;1333.33;1093.33;1261.33;1072;1189.33;1040;1114.67;986.667;1056;922.667;1029.33;850.667;1024;776;1024;704;1066.67;640;1040.66;330.229;1040.66;1346.99;684.356;840.781;1425.2;923.338
3.14857;2.7019;1.45627;1.24563;5.9929;44.6625;65.8721;0.120072;0.1049;0.0695633;0.258299;0.135118;0.178318;0.262999;0.047819;0.0712735;0.0365912;0.014651;0.386104;0.216313;0.191838;0.046419;0.108083;0.131872;0.088819;0.0656294;0.469053;0.284725;0.270738;0.176389;2;25;376;560;368;656;373.333;754.667;354.667;853.333;309.333;952;293.333;1048;312;1146.67;394.667;1218.67;493.333;1229.33;589.333;1202.67;682.667;1144;781.333;1072;880;986.667;946.667;890.667;986.667;797.333;1010.67;701.333;994.667;605.333;1610.67;653.333;1640;741.333;1669.33;829.333;1698.67;917.333;1709.33;1005.33;1672;1074.67;1581.33;1104;1493.33;1133.33;1405.33;1125.33;1317.33;1109.33;1229.33;1077.33;1138.67;1037.33;1064;957.333;1029.33;869.333;1016;781.333;1010.67;693.333;994.667;605.333;1040.66;260.707;1018.93;1155.8;425.822;1036.31;1555.55;984.17
4.8686;0.343541;2.41566;2.07212;6.86354;79.4547;79.4547;0.193238;0.0130642;0.105829;0.597079;0.154827;0.326456;0.326456;0.0994808;0.180338;0.074902;0.0439268;0.801574;0.322788;0.249517;0.119174;1.01413;0.216306;0.302794;0.376122;3.65192;0.3254;0.427586;0.439405;1;25;528;645.333;504;746.667;485.333;848;480;949.333;440;1042.67;437.333;1138.67;501.333;1242.67;594.667;1320;696;1330.67;797.333;1312;898.667;1269.33;1002.67;1202.67;1077.33;1104;1098.67;1005.33;1093.33;904;1090.67;802.667;1072;709.333;1618.67;773.333;1602.67;861.333;1581.33;949.333;1597.33;1034.67;1610.67;1125.33;1608;1213.33;1549.33;1293.33;1458.67;1320;1370.67;1309.33;1282.67;1277.33;1192;1210.67;1122.67;1122.67;1101.33;1034.67;1096;944;1096;856;1090.67;768;1074;710;1060.21;380.198;1068.9;1279.64;762.569;1244.88;1509.93;1157.97
1.75434;0.971568;0.945601;0.0259664;1.24257;31.6593;56.9938;0.0742439;0.0389959;0.0463756;0.00573902;0.0295424;0.157676;0.283851;0.0624081;0.00293305;0.0329117;0.0239496;0.463264;0.0187876;0.15973;0.073919;0.254583;0.0402383;0.0714785;0.0734684;1.19959;0.100515;0.14882;0.222527;1;25;488;578.667;490.667;664;517.333;754.667;506.667;845.333;482.667;938.667;474.667;1029.33;509.333;1117.33;589.333;1194.67;680;1210.67;770.667;1184;864;1120;938.667;1029.33;984;938.667;1018.67;845.333;1037.33;754.667;1032;664;1000;573.333;1512;570.667;1504;656;1464;736;1504;816;1557.33;904;1573.33;992;1554.67;1080;1490.67;1154.67;1402.67;1176;1317.33;1154.67;1229.33;1098.67;1152;1010.67;1104;922.667;1061.33;834.667;1037.33;746.667;1032;658.667;1000;573.333;1021.1;278.088;1045;1197.08;610.489;1045;1486.03;1010.24
4.41406;3.00747;4.02776;1.02029;5.69369;56.8521;57.6732;0.194936;0.129782;0.218867;0.213877;0.148106;0.279506;0.283543;0.124539;0.0413441;0.0142655;0.0907375;2.39218;0.141783;0.129227;0.293906;1.6043;0.47213;0.357771;1.08123;5.48835;0.466822;0.439721;0.762376;3;25;488;517.333;469.333;576;472;645.333;498.667;714.667;480;786.667;493.333;856;525.333;925.333;581.333;989.333;650.667;1013.33;720;1010.67;786.667;978.667;856;928;920;861.333;976;794.667;1010.24;734.325;1021.1;673.494;1058;516;1629.33;514.667;1624;573.333;1597.33;637.333;1608;704;1602.67;773.333;1586.67;834.667;1533.33;896;1466.67;920;1397.33;917.333;1330.67;898.667;1264;864;1212.29;801.675;1151.46;727.808;1129.73;671.321;1116.7;619.18;1101.49;569.211;1056;514.667;1064.55;243.327;1081.93;1025.45;684.356;882.059;1501.24;756.051
2.09557;0.335774;0.810497;1.14627;1.28892;1.7117;40.0477;0.0877455;0.0137069;0.0390988;0.304278;0.0312801;0.00784951;0.183651;0.0280135;0.0105077;0.1367;0.0801608;0.38901;0.0879095;0.345695;0.165323;0.528143;0.053029;0.349311;0.432238;2.04421;0.144799;0.508347;0.403163;1;25;488;530.667;488;610.667;456;693.333;437.333;773.333;434.667;856;466.667;936;525.333;1013.33;608;1048;690.667;1056;770.667;1037.33;853.333;992;928;917.333;976;834.667;1018.67;752;1045.33;672;1034.67;589.333;1024;509.333;1562.67;488;1568;570.667;1562.67;656;1597.33;738.667;1626.67;824;1626.67;909.333;1594.67;992;1514.67;1056;1429.33;1066.67;1346.67;1045.33;1261.33;997.333;1181.33;925.333;1122.67;840;1080;754.667;1053.33;672;1034.67;592;1024;509.333;1034.14;208.566;1025.45;1079.76;656.113;945.064;1479.51;916.82
2.29239;1.24205;0.629852;0.612199;6.5426;91.3615;91.3779;0.096625;0.0469131;0.0327936;0.0842204;0.140568;0.325701;0.325759;0.0761388;0.0252375;0.032527;0.0550118;1.35007;0.134052;0.18116;0.187744;1.75166;0.199019;0.467058;1.14087;5.71796;0.357317;0.47681;0.999136;2;25;386.667;672;368;760;365.333;861.333;336;962.667;328;1064;346.667;1165.33;394.667;1264;482.667;1325.33;584;1338.67;685.333;1322.67;786.667;1282.67;885.333;1221.33;973.333;1122.67;1016;1021.33;1037.33;920;1058.67;818.667;1002.67;720;1624;768;1613.33;850.667;1621.33;936;1658.67;1021.33;1669.33;1106.67;1648;1192;1581.33;1272;1496;1296;1410.67;1285.33;1325.33;1250.67;1240;1200;1154.67;1122.67;1082.67;1037.33;1034.67;973.333;1037.33;888;1056;802.667;1002.67;720;1021.1;404.096;1036.31;1266.6;580.074;1077.59;1538.17;1055.86
3.00334;0.858012;2.44837;1.59036;2.92901;15.9042;34.5686;0.116148;0.0314376;0.111433;0.298896;0.07832;0.0819315;0.178082;0.123412;0.0437273;0.0443755;0.0328644;0.853271;0.168139;0.153545;0.0911653;0.508329;0.195154;0.21338;0.356619;2.44681;0.286317;0.334017;0.383415;2;25;474.667;728;469.333;797.333;464;869.333;456;938.667;466.667;1010.67;501.333;1080;565.333;1128;634.667;1144;706.667;1141.33;776;1122.67;848;1088;917.333;1040;986.667;973.333;1018.67;904;1024;832;1040;762.667;1056;693.333;1637.33;658.667;1621.33;733.333;1608;808;1618.67;882.667;1634.67;960;1632;1034.67;1594.67;1109.33;1517.33;1162.67;1442.67;1173.33;1368;1160;1290.67;1122.67;1216;1061.33;1160;992;1106.67;914.667;1082.67;842.667;1082.67;768;1056;693.333;1081.93;238.982;1055.86;1081.93;595.281;938.546;1509.93;1021.1
3.81768;2.22333;1.50371;0.719619;2.95092;9.34125;64.6964;0.135555;0.0811188;0.0603001;0.291203;0.0700101;0.0429581;0.297523;0.109903;0.0203557;0.0217328;0.0308321;0.897039;0.09027;0.093907;0.13577;0.842371;0.066381;0.175665;0.442333;3.63084;0.194493;0.374861;0.552304;2;25;485.333;685.333;490.667;760;432;840;402.667;920;392;997.333;426.667;1077.33;496;1152;573.333;1178.67;653.333;1168;728;1130.67;805.333;1082.67;885.333;1032;960;965.333;1021.33;893.333;1061.33;813.333;1069.33;733.333;1048;656;1608;624;1602.67;706.667;1592;794.667;1605.33;880;1629.33;968;1650.67;1056;1640;1141.33;1576;1224;1488;1256;1402.67;1234.67;1314.67;1168;1245.33;1085.33;1186.67;997.333;1136;914.667;1096;829.333;1072;741.333;1048;656;1064.55;267.225;1062.38;1134.08;673.494;1105.83;1577.28;1157.97
2.01999;1.64856;1.85673;0.208179;1.20565;9.63685;51.1491;0.0882718;0.0656508;0.0918023;0.0426108;0.02972;0.042936;0.22789;0.0282075;0.0506331;0.00698221;0.0208265;0.746965;0.136449;0.0591965;0.0929207;0.239743;0.163681;0.0941626;0.0600899;1.1384;0.248559;0.170748;0.154434;2;25;485.333;589.333;498.667;661.333;488;738.667;469.333;816;474.667;890.667;504;968;560;1042.67;637.333;1082.67;717.333;1093.33;794.667;1082.67;872;1056;949.333;1005.33;992;928;1010.67;850.667;1026.67;773.333;1021.33;696;1034.67;618.667;1581.33;648;1578.67;720;1552;800;1565.33;880;1570.67;960;1546.67;1040;1480;1109.33;1405.33;1144;1325.33;1144;1248;1125.33;1168;1088;1093.33;1016;1050.67;936;1029.33;856;1026.67;776;1021.33;696;1034.67;618.667;1038.48;297.641;1003.72;1116.7;675.666;929.856;1375.23;990.687
1.01368;0.57751;0.320536;0.256975;4.44133;42.7811;47.6025;0.0427723;0.0237125;0.0151756;0.0794878;0.107052;0.193237;0.215014;0.089272;0.0227034;0.0439298;0.00986101;0.586026;0.100971;0.131701;0.0479883;0.551613;0.0332273;0.123733;0.144585;2.15375;0.143187;0.173226;0.348698;1;25;502.125;585;475.312;663;465.562;743.438;460.688;821.438;438.75;901.875;426.562;982.312;492.375;1040.81;565.5;1099.31;645.938;1109.06;721.5;1089.56;801.938;1060.31;879.938;1009.12;948.188;933.562;965.25;853.125;970.125;775.125;977.438;694.688;967.688;616.688;1430.81;650.812;1435.69;723.938;1413.75;797.062;1435.69;870.188;1435.69;943.312;1418.62;1014;1374.75;1062.75;1301.62;1087.12;1228.5;1092;1155.38;1072.5;1082.25;1038.38;1011.56;979.875;970.125;906.75;965.25;833.625;970.125;760.5;975;687.375;967.688;616.688;957.182;347.525;943.281;1122.01;639.446;1006.83;1304.71;996.9
1.24113;0.647059;1.24113;0.594076;0.884953;9.81778;27.9853;0.0606834;0.0301562;0.0694215;0.166004;0.0253593;0.063699;0.181572;0.237265;0.125411;0.401131;0.0979174;2.07254;0.300073;0.690214;0.234878;1.0013;0.152996;0.72806;0.223072;2.43116;0.279479;0.749207;0.331013;2;25;433.031;677.484;447;747.328;467.953;814.844;449.328;884.688;430.703;952.203;442.344;1022.05;488.906;1091.89;556.422;1136.12;626.266;1143.11;696.109;1122.16;768.281;1070.94;821.828;1003.42;861.406;933.578;903.312;870.719;905.641;800.875;905.641;731.031;904.477;661.735;1331.69;647.219;1322.38;714.734;1310.73;784.578;1320.05;854.422;1334.02;924.266;1327.03;994.109;1296.77;1063.95;1231.58;1108.19;1161.73;1122.16;1094.22;1110.52;1024.38;1073.27;963.844;1008.08;928.922;938.234;903.312;868.391;905.641;798.547;903.312;728.703;904.477;661.188;880.634;399.921;882.653;1254.3;541.307;1032.12;1219.96;989.703
3.10892;0.708425;0.0674875;0.775912;7.46178;36.0972;47.3281;0.134477;0.0310954;0.00334615;0.29688;0.23572;0.273521;0.358621;0.0267235;0.0165023;0.176262;0.0719058;0.677648;0.0555238;0.337583;0.130039;0.109036;0.251313;0.530161;0.26222;0.845939;0.311457;0.62156;0.31856;2;25;445.333;674.667;464;741.333;485.333;808;498.667;874.667;472;938.667;472;1005.33;501.333;1072;568;1120;637.333;1117.33;704;1090.67;770.667;1045.33;837.333;992;901.333;936;941.333;869.333;938.667;802.667;930.667;736;947;754;1448;832;1434.67;882.667;1432;933.333;1442.67;984;1429.33;1029.33;1378.67;1072;1328;1093.33;1277.33;1101.33;1226.67;1090.67;1176;1072;1125.33;1037.33;1074.67;994.667;1024;949.333;984;904;960;853.333;952;802.667;946.667;752;981.997;380.198;932.028;1184.05;571.383;1027.62;1292.67;1029.79
2.38439;1.47954;0.381817;1.09773;0.816714;12.8309;49.239;0.0818732;0.0524235;0.0142908;0.72923;0.0173312;0.050763;0.194805;0.0656496;0.00982871;0.0702506;0.0214082;0.4023;0.0765345;0.2536;0.0660269;0.280035;0.21604;0.26344;0.0638182;0.951625;0.339556;0.444983;0.144016;1;25;597.333;645.333;597.333;738.667;576;834.667;544;930.667;530.667;1026.67;546.667;1117.33;600;1210.67;696;1269.33;790.812;1283.98;866.667;1274.67;962.667;1226.67;1037.33;1133.33;1069.33;1037.33;1085.33;944;1088;848;1098.67;752;1064;658.667;1533.33;674.667;1536;762.667;1546.67;858.667;1578.67;954.667;1600;1050.67;1602.67;1146.67;1570.67;1242.67;1490.67;1317.33;1394.67;1333.33;1298.67;1301.33;1202.67;1234.67;1133.33;1138.67;1104;1042.67;1093.33;946.667;1088;850.667;1098.67;754.667;1064;658.667;1068.9;345.437;1075.42;1199.25;714.772;1251.39;1503.41;1264.43
2.98142;2.3008;2.24664;0.0541618;1.84268;2.44574;51.0317;0.134346;0.0938869;0.115055;0.0108771;0.0458779;0.0124707;0.260208;0.0126364;0.0015776;0.0339527;0.0289166;0.219478;0.0340812;0.166708;0.0817819;1.08306;0.0367926;0.218578;0.517986;3.62059;0.158326;0.405603;0.488439;2;25;365.333;600;338.667;698.667;368;802.667;381.333;906.667;357.333;1010.67;370.667;1114.67;416;1218.67;501.333;1304;608;1330.67;712;1317.33;816;1261.33;906.667;1165.33;965.333;1061.33;1008;957.333;1037.33;853.333;1029.33;749.333;1010.67;645.333;1656;690.667;1658.67;794.667;1616;904;1637.33;1013.33;1674.67;1122.67;1677.33;1229.33;1629.33;1338.67;1528;1416;1421.33;1434.67;1314.67;1394.67;1213.33;1296;1141.33;1186.67;1090.67;1077.33;1058.67;970.667;1034.67;861.333;1029.33;752;1010.67;645.333;1029.79;269.397;1003.72;1405.65;595.281;1105.83;1553.38;1207.94
3.64086;1.20171;3.47723;2.27552;2.93666;9.90306;51.8614;0.139063;0.0473997;0.155497;0.760864;0.0616635;0.0361364;0.189243;0.0281532;0.0349777;0.074271;0.0392766;0.380413;0.116358;0.250432;0.0998599;0.257467;0.0488707;0.319049;0.20346;1.82436;0.105517;0.475193;0.279738;2;25;459.099;357.641;438.807;446.417;441.344;535.193;448.953;623.969;428.661;712.745;415.979;801.521;431.198;890.297;492.073;971.464;580.849;996.828;667.089;968.927;755.865;892.833;824.349;804.057;875.078;717.818;913.125;629.042;948.635;540.266;971.464;454.026;989.219;367.786;1521.88;380.469;1534.56;459.099;1521.88;542.802;1514.27;626.505;1521.88;707.672;1524.41;791.375;1488.9;875.078;1415.34;941.026;1331.64;958.781;1253.01;928.344;1171.84;862.396;1100.82;778.693;1050.09;697.526;1012.05;616.359;974;532.656;971.464;448.953;989.219;367.786;980.198;188.571;963.395;967.129;539.576;939.123;1387.21;830.834
4.90957;4.61074;4.20995;0.40079;8.5112;57.7687;76.2205;0.176715;0.171531;0.169055;0.202711;0.199551;0.25917;0.341951;0.16886;0.339826;0.0373243;0.0461669;1.81781;0.411703;0.138201;0.151096;0.422509;0.547925;0.185572;0.224871;2.26177;0.517144;0.292897;0.332383;3;25;432;650.667;432;720;437.333;794.667;405.333;869.333;400;944;400;1018.67;474.667;1069.33;549.333;1114.67;624;1130.67;698.667;1114.67;773.333;1074.67;834.667;1002.67;885.333;928;914.667;853.333;949.333;778.667;957.333;704;949.333;634.667;1466.67;621.333;1466.67;714.667;1461.33;808;1448;901.333;1464;994.667;1469.33;1088;1456;1181.33;1389.33;1264;1296;1285.33;1202.67;1264;1109.33;1192;1048;1098.67;1016;1005.33;992;912;968;818.667;954.667;725.333;949.333;634.667;984.17;306.331;916.82;1144.94;534.45;1071.07;1349.16;1212.29
3.2042;2.10124;3.00022;0.898971;0.977904;5.78544;46.5978;0.12748;0.0846024;0.138738;0.279912;0.0235906;0.0272851;0.219763;0.0770012;0.181678;0.110106;0.0888339;0.727814;0.334409;0.297764;0.176841;0.525587;0.280164;0.327548;0.224101;2.08903;0.375146;0.460814;0.220454;2;25;485.333;666.667;477.333;749.333;506.667;832;482.667;914.667;466.667;1000;469.333;1082.67;504;1165.33;576;1221.33;661.333;1232;744;1210.67;826.667;1170.67;906.667;1109.33;965.333;1024;1005.33;941.333;1024;858.667;1026.67;776;1037.33;693.333;1589.33;720;1597.33;800;1570.67;882.667;1530.67;968;1549.33;1050.67;1557.33;1133.33;1536;1218.67;1466.67;1293.33;1381.33;1301.33;1301.33;1258.67;1218.67;1189.33;1141.33;1109.33;1098.67;1026.67;1080;944;1053.33;858.667;1056;776;1037.33;693.333;1060.21;406.269;1014.59;1275.29;597.454;1105.83;1483.86;1210.12
1.92847;1.25906;1.85902;0.599961;2.36397;31.6558;38.4675;0.0870327;0.0561607;0.0998306;0.158005;0.0608029;0.153156;0.186112;0.0604787;0.0131433;0.123963;0.0327;0.558658;0.0876358;0.354005;0.0774862;0.309151;0.0268527;0.344746;0.136674;1.04184;0.109671;0.391;0.176251;2;25;384;661.333;394.667;738.667;418.667;818.667;394.667;898.667;392;978.667;418.667;1058.67;493.333;1122.67;570.667;1152;650.667;1144;730.667;1122.67;810.667;1085.33;890.667;1032;949.333;970.667;1002.67;890.667;1008;821.333;1000;741.333;978.667;661.333;1576;664;1536;733.333;1544;808;1576;882.667;1584;957.333;1565.33;1032;1501.33;1090.67;1429.33;1109.33;1354.67;1106.67;1280;1090.67;1205.33;1061.33;1130.67;1021.33;1061.33;957.333;1018.67;882.667;1008;808;1000;733.333;978.667;661.333;999.378;371.508;979.825;1218.81;601.799;1034.14;1414.34;971.134
3.33337;1.10801;2.24202;1.13401;0.0328924;4.43799;49.6342;0.112391;0.0398687;0.0892809;0.423194;0.00071562;0.0168109;0.188012;0.0859281;0.0304881;0.227109;0.196998;1.3782;0.104958;0.448792;0.287778;0.225384;0.106607;0.41171;0.408221;1.95202;0.232754;0.536805;0.43;2;25;447.094;504.615;441.865;590.896;444.479;679.792;400.031;768.688;373.885;857.583;381.729;946.479;420.948;1035.38;496.771;1090.28;585.667;1098.12;669.333;1071.98;758.229;1030.15;841.896;956.938;917.719;873.271;967.396;786.99;993.542;698.094;985.698;609.198;1014.46;528.146;1584.44;554.292;1594.9;632.729;1579.21;721.625;1594.9;810.521;1621.04;899.417;1621.04;985.698;1581.82;1074.59;1498.16;1132.11;1411.88;1129.5;1325.59;1098.12;1236.7;1040.6;1147.8;962.167;1082.44;878.5;1027.53;792.219;1004;703.323;1009.23;614.427;1014.46;528.146;1035.5;198.563;963.123;1026.22;475.066;992.815;1514.27;1067.04
4.43117;2.03172;3.07127;1.03955;3.18218;7.5871;48.187;0.204086;0.0855167;0.175439;0.166278;0.0808171;0.0387397;0.246043;0.237037;0.198618;0.32175;0.483458;2.03215;0.355049;0.570038;0.578898;0.506854;0.24021;0.908455;0.98989;1.42156;0.313425;1.08238;0.764862;3;25;541.333;608;525.333;682.667;506.667;762.667;488;845.333;477.333;925.333;501.861;981.997;546.667;1040;629.333;1072;709.333;1077.33;789.333;1064;872;1040;952;989.333;1021.33;906.667;1064;826.667;1066.67;744;1061.33;664;1048;584;1554.67;562.667;1562.67;645.333;1557.33;728;1584;810.667;1618.67;893.333;1629.33;976;1602.67;1058.67;1533.33;1133.33;1450.67;1149.33;1370.67;1128;1288;1072;1210.67;994.667;1146.67;912;1101.33;829.333;1066.67;746.667;1061.33;664;1048;584;1071.07;273.743;1084.11;1157.97;673.494;838.608;1581.62;947.236
2.58043;0.977391;2.52015;1.54276;0.0566514;2.30577;23.6308;0.132416;0.0475927;0.163399;0.301719;0.001518;0.0124126;0.127211;0.0222415;0.0883406;0.00301126;0.00604703;0.188913;0.195588;0.0319763;0.032672;0.546207;0.241258;0.133888;0.416276;2.47479;0.315189;0.256638;0.447663;2;25;410.667;528;389.333;626.667;402.667;728;376;826.667;349.333;928;386.716;1001.55;458.667;1056;557.333;1098.67;658.667;1106.67;760;1090.67;866.851;1055.86;936;1016;1010.67;936;1053.33;837.333;1050.67;738.667;1045.33;637.333;1040;538.667;1666.67;549.333;1698.67;642.667;1688;738.667;1669.33;834.667;1674.67;933.333;1666.67;1029.33;1626.67;1104;1530.67;1144;1432;1146.67;1336;1125.33;1240;1093.33;1146.67;1016;1074.67;922.667;1053.33;826.667;1050.67;730.667;1045.33;634.667;1040;538.667;1066.73;243.327;1003.72;1320.92;543.14;853.816;1566.42;962.444
1.29977;3.07212;1.15013;1.92199;10.9825;78.6427;81.8043;0.0682938;0.16792;0.0758489;0.613725;0.433547;0.830506;0.863893;0.160346;0.0079125;0.0894242;0.103937;2.09021;0.0263736;0.283962;0.256207;0.741382;0.110448;0.182298;0.214914;1.82579;0.155094;0.231831;0.294533;4;25;432;570.667;442.667;632;458.667;698.667;474.667;765.333;466.667;832;464;898.667;493.333;946.667;560;970.667;626.667;992;693.333;1002.67;760;984;826.667;952;893.333;904;933.333;837.333;954.667;770.667;954.667;704;960;640;1490.67;712;1477.33;746.667;1453.33;786.667;1424;810.667;1389.33;842.667;1352;858.667;1312;869.333;1272;885.333;1232;890.667;1197.33;861.333;1162.67;837.333;1122.67;810.667;1082.67;778.667;1048;746.667;1008;717.333;989.333;677.333;960;640;1008.07;291.123;1003.72;1188.39;584.419;855.989;1409.99;814.71
4.50088;3.76438;4.3557;0.591313;11.3168;94.9553;101.467;0.18172;0.152855;0.195452;0.252485;0.279795;0.461058;0.492674;0.0531749;0.00120748;0.00371224;0.0202309;0.628146;0.015548;0.0368012;0.0822081;0.604917;0.162765;0.082972;0.263301;2.31277;0.283518;0.250026;0.285378;3;25;589.333;541.333;570.667;637.333;584;736;589.333;834.667;570.667;933.333;570.667;1032;581.333;1128;640;1226.67;728;1266.67;826.667;1258.67;925.333;1194.67;1010.67;1098.67;1069.33;1000;1120;901.333;1144;802.667;1146.67;704;1165.33;608;1744;677.333;1711.98;716.945;1666.35;764.741;1657.66;829.918;1653.32;895.095;1657.66;986.342;1621.33;1069.33;1546.67;1122.67;1469.33;1130.67;1394.67;1106.67;1320;1056;1256;984;1210.67;906.667;1184;832;1162.67;757.333;1157.33;682.667;1165.33;608;1140.59;304.158;1166.66;1214.46;771.259;1194.91;1551.21;1036.31
2.03883;1.23194;1.63837;0.406433;1.56219;12.1372;37.4712;0.0753519;0.0440622;0.0680971;0.104221;0.0340979;0.0479626;0.148075;0.162446;0.0237136;0.195994;0.190753;1.71735;0.122118;0.528144;0.353992;0.737753;0.0518413;0.38104;0.348387;1.48043;0.177727;0.582459;0.410907;2;25;485.333;608;480;698.667;466.667;794.667;442.667;890.667;437.333;986.667;464;1080;517.333;1176;613.333;1242.67;709.333;1261.33;805.333;1250.67;901.333;1202.67;970.667;1109.33;992;1013.33;1002.67;917.333;997.333;821.333;986.667;725.333;1000;632;1517.33;656;1512;752;1530.67;850.667;1562.67;949.333;1578.67;1048;1557.33;1146.67;1496;1245.33;1397.33;1296;1296;1304;1197.33;1277.33;1098.67;1221.33;1029.33;1125.33;1005.33;1026.67;1002.67;928;997.333;829.333;986.667;730.667;1000;632;997.205;282.433;988.515;1177.53;575.728;1114.52;1462.13;1173.18
4.4464;1.70653;4.43374;2.72721;7.25741;123.838;135.508;0.151651;0.0528572;0.180434;0.353586;0.122537;0.274801;0.300698;0.15171;0.0311388;0.00288316;0.0772705;1.3692;0.100545;0.0160048;0.140222;1.60537;0.181653;0.130197;0.789891;4.7192;0.202258;0.247165;0.624168;2;25;433.875;502.125;441.188;575.25;407.062;648.375;387.562;721.5;385.125;794.625;404.625;865.312;460.688;938.438;531.375;970.125;602.062;955.5;675.188;928.688;748.312;887.25;821.438;831.188;889.688;765.375;884.812;692.25;887.25;619.125;906.75;546;926.25;472.875;1418.62;443.625;1438.12;524.062;1443;609.375;1450.31;692.25;1457.62;777.562;1430.81;860.438;1404;945.75;1323.56;996.938;1238.25;1009.12;1152.94;994.5;1070.06;955.5;984.75;892.125;921.375;809.25;884.812;723.938;884.812;641.062;906.75;555.75;926.25;472.875;887.219;251.134;1281.34;823.061;518.767;762.569;1248;864
0.788502;0.44377;0.371047;0.0727232;0.408556;6.19963;30.6871;0.037088;0.0194005;0.0197526;0.0177828;0.0115815;0.038458;0.190361;0.0583072;0.00865571;0.136078;0.0487415;0.87604;0.0497692;0.432599;0.126346;0.690277;0.306169;0.786847;0.380761;4.01088;0.549608;1.13119;0.461451;1;25;453.333;640;429.333;733.333;442.667;829.333;437.333;925.333;421.333;1024;445.333;1120;506.667;1213.33;605.333;1261.33;701.333;1261.33;797.333;1226.67;896;1165.33;989.333;1080;1061.33;992;1069.33;893.333;1085.33;797.333;1080;701.333;1058.67;605.333;1666.67;570.667;1693.33;661.333;1693.33;757.333;1693.33;853.333;1696;952;1688;1048;1656;1141.33;1578.67;1224;1480;1245.33;1384;1224;1288;1176;1194.67;1088;1130.67;989.333;1104;893.333;1093.33;797.333;1080;701.333;1058.67;605.333;1042.83;184.668;1088.45;1355.68;593.109;1073.24;1525.14;1055.86
4.8524;1.88342;4.84647;2.96305;1.05397;4.80772;43.488;0.204717;0.073811;0.226714;0.715763;0.0255061;0.0239774;0.216887;0.0393079;0.0717999;0.65227;0.229895;0.772994;0.220375;0.998974;0.254175;0.427865;0.23899;0.834435;0.748259;1.2478;0.431287;1.17466;0.571609;3;25;469.333;658.667;477.333;765.333;477.333;874.667;445.333;984;418.667;1093.33;424;1202.67;477.333;1314.67;584;1389.33;693.333;1402.67;802.667;1378.67;912;1317.33;1010.67;1216;1061.33;1106.67;1096;1016;1096;906.667;1082.67;797.333;1066.67;690.667;1664;722.667;1669.33;829.333;1658.67;941.333;1664;1053.33;1696;1165.33;1706.67;1277.33;1672;1389.33;1570.67;1474.67;1458.67;1485.33;1346.67;1445.33;1234.67;1360;1154.67;1248;1117.33;1136;1098.67;1024;1096;912;1085.33;800;1066.67;690.667;1068.9;291.123;1073.24;1423.03;612.662;1149.28;1536;1368.71
2.48862;0.343406;0.181662;0.525068;2.77944;43.3047;53.0503;0.116448;0.0149024;0.0101559;0.10183;0.0655877;0.194587;0.238379;0.0767195;0.0113378;0.0703447;0.109087;0.861171;0.0600588;0.197801;0.207642;0.975846;0.0190855;0.209318;0.436421;3.03793;0.0561881;0.291205;0.481236;1;25;517.333;608;522.667;698.667;544;789.333;544;882.667;522.667;973.333;533.333;1064;584;1157.33;669.333;1210.67;762.667;1210.67;853.333;1186.67;944;1141.33;1037.33;1072;1101.33;981.333;1130.67;890.667;1125.33;797.333;1117.33;706.667;1074.67;616;1632;626.667;1629.33;712;1608;797.333;1608;882.667;1637.33;970.667;1637.33;1056;1605.33;1141.33;1525.33;1200;1440;1192;1354.67;1162.67;1266.67;1112;1189.33;1042.67;1130.67;960;1130.67;872;1122.67;786.667;1114.67;701.333;1074.67;616;1086.28;382.371;1149.28;1279.64;712.6;1021.1;1549.04;1027.62
2.75632;2.93431;2.38094;0.553372;4.29295;55.7385;69.7384;0.125183;0.117829;0.134328;0.0770888;0.102643;0.255308;0.319434;0.162351;0.214024;0.329689;0.295161;1.75384;0.394262;0.538556;0.399986;1.32014;0.566104;1.07767;1.35049;4.49359;0.61762;1.01509;1.06392;3;25;528;602.667;549.333;666.667;522.667;741.333;496;816;469.333;890.667;456;965.333;480;1032;552;1080;626.667;1074.67;701.333;1056;776;1013.33;850.667;965.333;922.667;896;970.667;824;1021.33;749.333;1042.67;674.667;1072;602.667;1613.33;605.333;1640;672;1650.67;757.333;1642.67;840;1642.67;925.333;1648;1008;1629.33;1093.33;1560;1160;1477.33;1178.67;1394.67;1152;1309.33;1096;1232;1021.33;1160;936;1109.33;853.333;1077.33;768;1077.33;685.333;1072;602.667;1023.28;312.849;1018.93;1134.08;617.007;855.989;1475.17;934.201
2.48789;2.27825;1.85951;0.418745;2.49856;13.684;53.7581;0.0945491;0.0829776;0.0853079;0.0740011;0.0549792;0.0547151;0.214951;0.105819;0.00514537;0.140488;0.124667;1.28718;0.0626542;0.425842;0.269001;0.318721;0.0279966;0.402304;0.212671;0.788066;0.107561;0.536337;0.326098;2;25;522.667;562.667;546.667;642.667;546.667;722.667;512;805.333;490.667;885.333;490.667;965.333;528;1048;608;1077.33;690.667;1077.33;770.667;1056;850.667;1021.33;933.333;962.667;1010.67;888;1045.33;808;1066.67;728;1061.33;648;1034.67;568;1549.33;573.333;1557.33;656;1544;741.333;1584;826.667;1613.33;909.333;1616;994.667;1584;1080;1509.33;1144;1424;1146.67;1338.67;1117.33;1256;1064;1170.67;986.667;1104;901.333;1077.33;818.667;1066.67;733.333;1061.33;648;1036;568;1049.35;249.844;1042.83;1038.48;610.489;908.13;1540.35;966.789
1.69638;0.666053;1.41149;0.745433;1.1298;16.9512;28.6392;0.0625621;0.0235354;0.0602666;0.152775;0.0277763;0.0864366;0.146036;0.149227;0.0266355;0.144613;0.0610282;0.910747;0.11117;0.328022;0.105487;0.43008;0.126549;0.519331;0.152251;1.87846;0.225104;0.614925;0.266674;1;25;621.333;728;624;802.667;610.667;880;581.333;954.667;560;1032;562.667;1106.67;586.667;1184;656;1229.33;733.333;1237.33;808;1213.33;880;1160;949.333;1088;1013.33;1016;1064;941.333;1098.67;864;1117.33;789.333;1085.33;714.667;1546.67;701.333;1538.67;776;1536;850.667;1576;925.333;1602.67;1000;1608;1074.67;1581.33;1149.33;1514.67;1208;1437.33;1213.33;1365.33;1186.67;1290.67;1144;1216;1077.33;1168;1010.67;1141.33;936;1117.33;864;1117.33;789.333;1085.33;714.667;1094.97;312.849;1118.87;1121.04;669.149;1092.8;1551.21;1047.17
1.8088;0.351064;1.53068;1.88175;2.98446;51.7149;57.9299;0.063489;0.0124639;0.0578807;1.09333;0.0671702;0.226709;0.253954;0.0677523;0.00965202;0.00478353;0.0136813;0.489457;0.0544751;0.0358211;0.0675005;0.315795;0.0293011;0.10098;0.173236;1.45835;0.108309;0.176818;0.331561;2;25;460.156;527.969;438.359;627.266;445.625;726.562;440.781;825.859;431.094;925.156;448.047;1019.61;477.109;1114.06;569.141;1193.98;658.75;1196.41;741.094;1196.41;840.391;1147.97;937.266;1063.2;985.703;963.906;1000.23;864.609;973.594;765.312;976.272;670.427;973;574;1484.61;620;1484.61;707.188;1465.23;796.797;1427.95;887.151;1489.45;973.594;1499.14;1063.2;1453.12;1150.39;1370.78;1206.09;1281.17;1208.52;1191.56;1174.61;1104.38;1106.8;1051.09;1017.19;1024.45;927.578;1009.92;840.391;1002.66;750.781;995.391;661.172;971.172;573.984;992.475;200.521;972.221;1093.75;631.943;1172.74;1387.44;1118.05
2.18962;1.93131;2.13904;0.20773;3.20812;21.3881;31.0772;0.0913412;0.0792729;0.102894;0.0581226;0.0758493;0.08964;0.130248;0.0948787;0.0312287;0.0698274;0.0803716;1.50541;0.135742;0.202323;0.248122;0.298783;0.0690183;0.259403;0.225365;2.18975;0.212937;0.390271;0.376403;2;25;434.667;701.333;437.333;778.667;456;856;426.667;933.333;436.685;1010.24;458.667;1069.33;509.333;1146.67;586.667;1192;666.667;1197.33;744;1173.33;818.667;1130.67;896;1080;957.333;1002.67;989.333;925.333;1000;848;1000;770.667;1000;693.272;1557.33;685.333;1554.67;768;1546.67;853.333;1544;936;1552;1021.33;1554.67;1104;1512;1181.33;1450.67;1242.67;1365.33;1261.33;1285.33;1229.33;1200;1176;1117.33;1106.67;1050.67;1026.67;1016;944;1010.67;858.667;1000;776;1000;693.333;1010.24;438.857;981.997;1251.39;630.042;1079.76;1405.65;1149.28
0.92939;0.636183;0.604839;0.0313438;0.588531;13.1084;24.1257;0.0463568;0.0302729;0.0382166;0.00604127;0.0195992;0.114728;0.211154;0.0999876;0.102417;0.154167;0.0420123;1.26335;0.275804;0.382237;0.122725;0.240385;0.348109;0.497111;0.135752;1.19435;0.494668;0.764295;0.205222;1;25;461.333;642.667;466.667;714.667;437.333;789.333;410.667;864;405.333;938.667;421.333;1010.67;466.667;1085.33;541.333;1117.33;616;1122.67;688;1101.33;757.333;1061.33;829.333;989.333;896;914.667;949.333;842.667;986.667;770.667;1010.67;696;1022.67;624.238;1589.33;605.333;1552;674.667;1538.67;746.667;1576;818.667;1602.67;888;1605.33;960;1576;1032;1512;1090.67;1440;1090.67;1368;1069.33;1298.67;1024;1226.67;957.333;1160;888;1098.67;834.667;1069.33;762.667;1034.67;693.333;1022.67;624;1010.24;204.221;1018.93;1281.81;495.344;899.44;1555.55;873.369
3.03494;0.993385;1.28083;0.28745;1.50608;25.0113;35.6712;0.148824;0.0474716;0.0717131;0.0937739;0.0412221;0.147978;0.211047;0.0694873;0.00699768;0.127388;0.0254084;0.698371;0.0730466;0.301819;0.0666676;1.03823;0.0363907;0.596603;0.173158;2.44347;0.186198;0.642625;0.26177;2;25;434.667;525.333;421.333;621.333;442.667;720;458.667;821.333;464;920;469.333;1021.33;517.333;1120;608;1184;706.667;1186.67;805.333;1154.67;906.667;1096;997.333;1002.67;1064;901.333;1104;808;1112;706.667;1088;608;1112;507.44;1722.67;490.667;1749.33;584;1725.33;680;1720;776;1744;872;1760;965.333;1741.33;1061.33;1658.67;1133.33;1562.67;1144;1469.33;1114.67;1373.33;1056;1277.33;978.667;1202.67;888;1170.67;794.667;1152;698.667;1136;602.667;1112;509.333;1088.45;210.738;1129.73;1355.68;706.082;1058.04;1596.83;999.378
4.8914;1.64646;3.82491;2.17845;1.10806;12.314;34.7422;0.182337;0.0648829;0.175354;0.611363;0.023544;0.0430045;0.121331;0.164568;0.132099;0.203216;0.051562;1.49105;0.286774;0.552825;0.156406;0.894559;0.262173;0.550103;0.224069;1.64321;0.350696;0.747986;0.327941;2;25;360;520;328;626.667;346.667;733.333;301.333;840;282.667;946.667;298.667;1053.33;354.667;1160;461.333;1208;568;1208;674.667;1181.33;776;1128;874.667;1061.33;965.333;962.667;1016;856;1040;749.333;1042.67;642.667;1050.67;536;1744;552;1768;661.333;1773.33;770.667;1786.67;880;1805.33;989.333;1789.33;1096;1746.67;1200;1656;1264;1544;1274.67;1434.67;1242.67;1325.33;1181.33;1216;1082.67;1141.33;973.333;1093.33;864;1053.33;754.667;1042.67;645.333;1050.67;536;1084.11;249.844;1047.17;1229.67;419.304;1029.79;1629.42;1179.7
1.25126;0.271845;0.236292;0.508138;0.000407373;1.21533;36.2897;0.0585292;0.0115072;0.0122698;0.116387;1.15e-05;0.00738474;0.220507;0.0233149;0.00195669;0.0096465;0.0188277;0.320882;0.024584;0.0461321;0.0623155;0.543353;0.0445436;0.224714;0.228926;1.43946;0.156369;0.228551;0.247171;1;25;461.074;544.219;463.594;622.324;438.398;705.469;420.762;788.613;415.723;874.277;435.879;957.422;491.309;1040.57;566.895;1073.32;652.559;1070.8;735.703;1048.12;818.848;1007.81;899.473;937.266;952.383;851.602;975.059;768.457;977.578;685.312;980.098;602.168;997.734;519.023;1531.88;496.348;1521.8;576.973;1506.68;660.117;1514.24;743.262;1524.32;828.926;1511.72;912.07;1466.37;995.215;1393.3;1053.16;1307.64;1063.24;1224.49;1043.09;1141.35;1002.77;1058.2;934.746;1007.81;849.082;987.656;765.938;977.578;685.312;980.098;602.168;997.734;519.023;987.225;128.113;960.849;1124.76;593.465;891.14;1332;900.56
3.60392;2.48297;3.58601;1.10304;5.0131;43.1478;47.7723;0.162267;0.105892;0.193903;0.222642;0.135186;0.243989;0.270139;0.0747338;0.024568;0.170791;0.0413242;0.867461;0.102773;0.355964;0.152367;0.377608;0.237645;0.790676;0.253152;1.71532;0.378355;0.69206;0.32766;3;25;447.152;547.137;480.48;630.457;461.039;716.555;449.93;802.652;452.707;888.75;466.594;974.848;513.809;1038.73;599.906;1102.61;686.004;1122.05;772.102;1105.38;858.199;1060.95;933.188;977.625;963.738;891.527;983.18;805.43;1016.51;719.332;1060.95;636.012;1085.94;552.691;1727.51;558.246;1730.29;649.898;1710.84;749.883;1724.73;847.09;1744.17;947.074;1735.84;1044.28;1680.29;1144.27;1588.64;1208.14;1488.66;1227.59;1388.67;1205.37;1291.46;1144.27;1208.14;1044.28;1163.71;947.074;1141.49;847.09;1130.38;749.883;1102.61;649.898;1085.94;552.691;1073.16;178.498;1099.29;1240.78;559.438;888.136;1602.13;1040.51
3.37294;0.86994;2.62289;1.75295;2.8325;25.3561;30.1288;0.112715;0.0302829;0.0980232;0.890152;0.058849;0.094834;0.112684;0.0212787;0.00173256;0.0415302;0.0331897;0.715102;0.00947442;0.131785;0.103066;0.0610282;0.0867123;0.160077;0.0918487;0.642824;0.196408;0.266681;0.145851;2;25;460.984;501.734;445.703;590.875;463.531;685.109;438.062;779.344;420.234;873.578;412.594;967.812;445.703;1062.05;514.469;1125.72;608.703;1138.45;700.391;1112.98;794.625;1046.77;863.391;952.531;906.688;858.297;937.25;764.062;975.453;669.828;1011.11;575.594;1000.92;483.906;1540.86;466.078;1566.33;560.312;1558.69;659.641;1573.97;758.969;1594.34;858.297;1612.17;957.625;1581.61;1056.95;1512.84;1146.09;1413.52;1169.02;1314.19;1151.19;1217.41;1077.33;1151.19;978;1107.89;878.672;1072.23;779.344;1018.75;680.016;1011.11;580.688;1000.92;483.906;990.721;173.376;985.006;1026.92;569.665;1042.16;1484.18;1131.71
0.482173;0.548736;0.478485;1.02722;0.836568;14.3095;34.0356;0.0188728;0.0215264;0.0222849;0.255524;0.0191793;0.0593617;0.141194;0.0655652;0.0186572;0.0779622;0.0123174;0.561175;0.112806;0.186074;0.0465824;0.539825;0.393113;0.303856;0.25901;1.69525;0.536158;0.382231;0.251943;1;25;447.086;477.227;457.133;562.625;429.504;648.023;386.805;733.422;376.758;821.332;391.828;906.73;447.086;992.129;514.902;1032.32;600.301;1034.83;685.699;1012.22;773.609;967.012;856.496;899.195;934.359;823.844;979.57;735.934;1012.22;650.535;1007.2;565.137;1024.78;479.738;1604.99;487.273;1604.99;567.648;1594.94;650.535;1567.31;733.422;1597.45;816.309;1607.5;899.195;1582.38;979.57;1507.03;1044.88;1424.14;1052.41;1341.26;1022.27;1258.37;967.012;1183.02;891.66;1120.23;808.773;1059.95;725.887;1022.27;643;1007.2;560.113;1024.78;479.738;1023.9;187.447;1021.89;1029.95;556.294;919.095;1489.5;902.97
2.32713;1.32729;2.18709;0.859793;1.34404;2.87102;36.5772;0.0821884;0.0474598;0.0820973;0.648164;0.0302057;0.0125066;0.159336;0.0385692;0.0172172;0.00263805;0.00447806;0.401896;0.0626472;0.0363007;0.0280576;0.370699;0.0743686;0.160382;0.399735;2.29576;0.198559;0.256528;0.465586;2;25;436.277;473.25;451.066;569.379;436.277;665.508;409.164;761.637;394.375;860.23;389.445;956.359;426.418;1052.49;507.758;1119.04;606.352;1123.97;702.48;1099.32;798.609;1030.3;857.766;934.176;879.949;835.582;899.668;739.453;914.457;643.324;924.316;547.195;931.711;451.066;1427.14;431.348;1429.61;520.082;1446.86;613.746;1466.58;707.41;1471.51;801.074;1461.65;894.738;1429.61;985.938;1340.88;1059.88;1247.21;1079.6;1153.55;1062.35;1059.88;1008.12;983.473;916.922;958.824;823.258;946.5;729.594;934.176;635.93;924.316;542.266;931.711;451.066;934.298;98.2532;928.939;996.823;575.228;1095.08;1264.79;1016.47
1.78663;2.05885;1.63463;0.424219;3.32649;14.2937;40.5992;0.0637057;0.0740099;0.0640305;0.185278;0.0777483;0.0663628;0.188494;0.0385167;0.00152197;0.0980856;0.0319149;0.813931;0.0256072;0.245633;0.10105;0.332094;0.0425491;0.463099;0.110315;2.04487;0.164454;0.598702;0.226563;2;25;388.125;511.84;392.977;606.445;375.996;703.477;349.312;798.082;354.164;895.113;368.719;989.719;414.809;1086.75;492.434;1164.38;589.465;1178.93;684.07;1154.67;781.102;1096.45;853.875;1004.27;887.836;907.242;909.668;812.637;929.074;715.605;938.777;621;946.055;526.395;1506.41;540.949;1511.26;635.555;1496.71;739.863;1496.71;844.172;1523.39;948.48;1535.52;1052.79;1501.56;1157.1;1402.1;1237.15;1297.79;1261.41;1195.91;1234.72;1094.03;1149.82;1035.81;1045.51;1013.98;941.203;999.422;836.895;982.441;732.586;958.184;628.277;946.055;526.395;950.27;123.289;933.199;1109.6;506.431;1098.22;1422.56;1162.71
1.48336;1.04379;1.48248;0.43869;1.83317;12.5518;17.9253;0.0537518;0.037922;0.0608546;0.138666;0.0376534;0.0472016;0.0674091;0.0430291;0.00395035;0.304904;0.0218117;0.793789;0.0317405;0.542379;0.0828481;0.0861138;0.0464784;0.373227;0.0215674;0.663637;0.118368;0.676783;0.0888292;2;25;467.016;565.031;475.664;686.109;492.961;810.07;446.836;931.148;397.828;1055.11;383.414;1176.19;429.539;1294.38;541.969;1380.87;665.93;1398.16;789.891;1369.34;910.969;1279.97;1017.63;1164.66;1066.64;1043.58;1089.7;919.617;1112.77;798.539;1138.71;674.578;1150.24;553.5;1836.35;544.852;1830.59;668.812;1801.76;795.656;1839.23;922.5;1891.12;1049.34;1908.42;1176.19;1876.71;1303.03;1775.81;1415.46;1648.97;1444.29;1522.12;1409.7;1395.28;1311.68;1297.27;1184.84;1242.49;1057.99;1210.78;931.148;1176.19;804.305;1161.77;677.461;1150.24;553.5;1153.77;213.246;1171.73;1310.9;583.621;1250.3;1721.68;1315.39
4.14937;2.37377;3.71132;1.33755;0.77958;0.507494;47.5466;0.163833;0.090857;0.168223;0.329076;0.0204283;0.00304186;0.284989;0.043456;0.0694055;0.0453466;0.0175175;0.535555;0.159786;0.172912;0.0854131;0.245862;0.404177;0.350643;0.135432;1.7115;0.401905;0.40497;0.214141;2;25;400.234;440.684;410.879;504.551;436.506;544.825;475.307;606.259;431.656;659.61;394.472;735.594;413.873;821.279;487.52;879.238;553.516;881.367;619.512;860.078;687.637;819.629;756.611;767.928;797.028;725.894;853.691;651.445;885.625;591.836;887.754;525.84;872.852;459.844;1343.34;481.133;1313.54;549.258;1277.34;610.996;1275.21;681.25;1294.38;751.504;1311.41;819.629;1305.02;889.883;1249.67;949.492;1179.41;958.008;1111.29;932.461;1043.16;874.98;994.199;804.727;955.879;734.473;909.043;664.219;889.883;598.223;887.754;527.969;872.852;459.844;884.33;103.468;861.696;887.563;468.84;737.211;1241.62;853.612
2.98424;0.910985;1.51997;0.608986;1.88002;18.8584;33.6487;0.173648;0.0470531;0.108415;0.114024;0.0621077;0.149635;0.26699;0.0676544;0.0202476;0.0215566;0.0315779;0.764247;0.044675;0.0645595;0.102633;1.17689;0.102175;0.268045;0.919768;2.93753;0.130341;0.354317;0.713529;2;25;542.208;756.708;539.229;837.146;566.042;929.5;602.953;1000.08;593.267;1092.1;593.267;1152.63;644.119;1220.44;700.104;1251.25;789.479;1278.06;881.833;1263.17;971.208;1224.44;1063.56;1170.81;1146.98;1096.33;1197.62;1006.96;1200.6;917.583;1194.65;825.229;1194.65;735.854;1847.08;717.979;1835.17;795.438;1791.91;854.789;1799.17;925.013;1816.12;1004.92;1808.86;1077.57;1772.6;1158.9;1701.1;1218.48;1620.67;1236.35;1540.23;1212.52;1459.79;1173.79;1391.27;1126.12;1325.73;1054.62;1287;974.188;1227.42;893.75;1197.62;816.292;1194.65;735.854;1176.85;363.225;1239.81;1518.28;782.144;1046.09;1690.21;975.864
2.57771;1.19749;2.12126;0.92377;3.90816;33.0797;37.1662;0.103966;0.0470118;0.103197;0.187886;0.0877633;0.14825;0.166564;0.0644074;0.0449255;0.171634;0.0878359;1.04472;0.151839;0.392018;0.135367;0.236849;0.267005;0.504789;0.625842;1.39187;0.34959;0.639179;0.501385;2;25;504;584;490.667;626.667;509.333;680;525.333;736;536;789.333;484.481;884.232;443.202;966.789;401.924;1081.93;412.786;1171.01;449.72;1273.12;532.277;1346.99;680.011;1401.3;849.471;1307.88;984.17;1184.05;1066.73;1005.9;1108.01;753.878;1128;600;1754.67;613.333;1714.67;717.333;1701.33;821.333;1749.33;925.333;1789.33;1032;1784;1136;1744;1240;1656;1328;1549.33;1349.33;1445.33;1312;1341.33;1226.67;1258.67;1122.67;1200;1016;1149.33;912;1138.67;808;1144;704;1128;600;1129.73;280.26;1121.04;1355.68;501.861;1210.12;1694.6;1118.87
2.67553;2.29187;2.33888;0.0470044;2.13488;14.2254;50.4496;0.103827;0.0877515;0.100784;0.0161478;0.05267;0.0658886;0.233669;0.177999;0.435091;0.111457;0.0125378;0.895515;0.459807;0.162834;0.0622975;0.689065;0.728991;0.660257;0.149068;1.33779;0.577059;0.581427;0.280613;2;25;421.266;521.684;406.57;600.059;406.57;683.332;391.875;766.605;384.527;849.879;394.324;933.152;438.41;1013.98;516.785;1062.96;600.059;1062.96;683.332;1028.67;766.605;972.34;847.43;898.863;903.762;815.59;938.051;732.316;950.297;649.043;952.746;565.77;945.398;484.945;1471.98;450.656;1481.78;529.031;1481.78;607.406;1496.47;685.781;1511.17;764.156;1496.47;842.531;1442.59;920.906;1369.11;977.238;1290.74;989.484;1212.36;972.34;1133.99;933.152;1055.61;874.371;991.934;798.445;960.094;720.07;952.746;641.695;952.746;563.32;945.398;484.945;932.079;133.663;965.941;990.891;572.079;969.505;1336.63;889.307
2.11324;0.937973;0.707976;0.229997;1.41577;14.7373;24.893;0.0957152;0.0409932;0.0366978;0.0640812;0.0387482;0.0836078;0.141223;0.274287;0.0412842;0.160559;0.111637;1.76015;0.137567;0.397361;0.191809;1.02176;0.183836;0.4195;0.455995;3.82729;0.333073;0.56333;0.561194;2;25;322.629;494.859;322.629;584.613;342.035;679.219;342.035;773.824;344.461;870.855;356.59;965.461;412.383;1060.07;499.711;1120.71;594.316;1130.41;688.922;1101.3;785.953;1045.51;866.004;953.332;912.094;858.727;948.48;761.695;963.035;674.367;963.035;579.762;946.055;485.156;1571.91;480.305;1559.78;562.781;1554.93;652.535;1557.35;744.715;1567.05;834.469;1564.63;926.648;1516.11;1016.4;1431.21;1077.05;1341.46;1091.6;1251.7;1074.62;1159.52;1026.11;1077.05;941.203;1013.98;849.023;970.312;759.27;963.035;667.09;963.035;577.336;947;487;941.55;122.478;964.515;1203.73;522.446;972.17;1446.77;941.55
0.431;0.48328;0.365494;0.848774;3.07746;27.2386;28.831;0.0173323;0.0193343;0.0163205;0.3263;0.0814087;0.148775;0.157473;0.0245973;0.0385194;0.0666807;0.0831066;0.277012;0.215023;0.137175;0.117954;0.469458;0.0857603;0.213513;0.18506;2.05397;0.259509;0.409005;0.274319;1;25;321;589.336;331.031;682.125;351.094;787.453;328.523;890.273;323.508;995.602;331.031;1098.42;363.633;1203.75;446.391;1281.49;551.719;1311.59;657.047;1296.54;759.867;1236.35;860.18;1136.04;912.844;1033.22;945.445;927.891;968.016;825.07;990.586;719.742;1008.14;616.922;1697.79;644.508;1667.7;737.297;1635.09;832.594;1647.63;925.383;1640.11;1020.68;1620.05;1115.98;1554.84;1203.75;1467.07;1278.98;1371.77;1286.51;1278.98;1253.91;1183.69;1181.18;1123.5;1088.39;1090.9;993.094;1073.34;897.797;1053.28;805.008;1025.7;709.711;1008.14;616.922;1006.31;180.356;932.525;1301.44;526.723;1176.42;1496.14;1192.81
2.19947;1.39134;0.662234;2.05357;2.50454;30.178;30.178;0.0870787;0.0541792;0.0310068;0.475081;0.0582284;0.121882;0.121882;0.0603789;0.306107;0.0734564;0.0915784;0.912131;0.441822;0.217801;0.198365;0.985013;0.761538;0.256577;0.581704;3.63372;0.93762;0.351907;0.504108;2;25;357.333;592;346.667;690.667;338.667;792;336;893.333;320;992;341.333;1090.67;394.667;1189.33;488;1256;589.333;1266.67;690.667;1237.33;789.333;1178.67;885.333;1090.67;960;997.333;1024;898.667;1082.67;800;1074.67;698.667;1056;600;1754.67;608;1754.67;704;1738.67;800;1773.33;896;1776;992;1765.33;1088;1712;1184;1616;1213.33;1517.33;1208;1421.33;1186.67;1325.33;1149.33;1229.33;1080;1157.33;984;1114.67;888;1082.67;792;1074.67;696;1056;600;1055.86;230.291;1027.62;1214.46;567.038;1058.04;1627.25;1084.11
4.59408;2.20702;4.58663;2.37961;0.515022;6.45674;51.8076;0.21138;0.0976977;0.240317;0.679023;0.0145535;0.0389668;0.312663;0.151226;0.0694494;0.5511;0.118807;1.69003;0.224878;0.972027;0.191528;0.766902;0.164817;1.35315;0.565338;1.7729;0.298704;1.03383;0.531349;3;25;514.667;656;522.667;730.667;554.667;800;533.333;877.333;520;954.667;522.667;1032;573.333;1090.67;640;1144;717.333;1157.33;794.667;1144;866.667;1112;941.333;1077.33;1000;1010.67;1045.33;936;1056;858.667;1058.67;781.333;1040;706.667;1570.67;760;1552;834.667;1538.67;909.333;1536;984;1525.33;1056;1517.33;1130.67;1488;1176;1416;1229.33;1341.33;1232;1266.67;1205.33;1189.33;1154.67;1120;1082.67;1072;1008;1053.33;930.667;1056;856;1058.67;781.333;1040;706.667;1024;384;1040.66;1283.98;656.113;988.515;1401.3;1153.63
3.4118;3.56498;2.47059;1.09439;5.44281;26.6969;54.4475;0.135635;0.138151;0.112601;0.28324;0.139047;0.133;0.27125;0.0495364;0.0656679;0.104331;0.085127;0.69297;0.157103;0.254031;0.154755;0.564363;0.569347;0.144012;0.16651;2.01868;0.529774;0.236464;0.213619;3;25;474.062;598.938;448.625;666;425.5;735.375;407;804.75;434.75;855.625;457.875;922.688;515.688;982.812;585.062;1010.56;654.438;1019.81;723.812;1015.19;793.188;992.062;860.25;936.562;913.438;867.188;957.375;797.812;989.75;733.062;985.125;666;980.5;598.938;1489.25;596.625;1470.75;672.938;1470.75;751.562;1514.69;830.188;1537.81;908.812;1530.88;985.125;1493.88;1063.75;1417.56;1119.25;1343.56;1135.44;1269.56;1110;1190.94;1059.12;1116.94;982.812;1063.75;908.812;1029.06;832.5;1003.62;753.875;987.438;675.25;980.5;598.938;986.75;239.038;1030.73;1051.77;625.324;912.17;1424.67;992.487
6.33327;6.68539;6.31312;0.372274;10.7136;108.008;166.851;0.24693;0.24979;0.28835;0.0764414;0.250166;0.463406;0.71587;0.121837;0.150984;0.26156;0.0946045;0.54762;0.343132;0.557558;0.178054;0.37433;0.67293;0.692878;0.432823;1.69106;0.81043;0.861683;0.37668;4;25;329.012;499.27;326.711;589;352.02;681.031;354.32;770.762;345.117;862.793;349.719;952.523;395.734;1044.55;483.164;1106.68;575.195;1115.88;667.227;1083.67;754.656;1010.04;816.777;918.012;851.289;828.281;867.395;736.25;888.102;646.52;895.004;554.488;876.598;464.758;1421.88;427.945;1435.69;492.367;1419.58;561.391;1428.79;628.113;1451.79;697.137;1456.39;766.16;1437.99;832.883;1375.87;888.102;1311.45;901.906;1244.72;885.801;1175.7;853.59;1111.28;798.371;1049.16;729.348;1005.44;660.324;952.523;600.504;913.41;531.48;876.598;464.758;909.216;146.648;935.287;953.211;472.532;954.84;1329.61;751.163
3.12269;0.548993;2.01712;1.46813;3.34789;33.6184;59.1337;0.115449;0.0196316;0.0867281;0.311916;0.0737304;0.126678;0.222823;0.0843647;0.06911;0.0605747;0.0378673;0.896722;0.175966;0.185543;0.113001;0.809306;0.246216;0.090056;0.426708;2.9771;0.297087;0.16446;0.414231;1;25;409.672;613.281;424.391;689.328;429.297;770.281;409.672;851.234;399.859;932.188;419.484;1008.23;480.812;1089.19;556.859;1121.08;637.812;1113.72;718.766;1079.38;799.719;1030.31;875.766;956.719;937.094;880.672;966.531;802.172;954.266;721.219;946.906;640.266;949.359;561.766;1489.05;510.25;1498.86;596.109;1493.95;684.422;1508.67;772.734;1540.56;858.594;1543.02;946.906;1506.22;1035.22;1425.27;1094.09;1336.95;1103.91;1248.64;1086.73;1162.78;1047.48;1074.47;991.062;998.422;910.109;966.531;824.25;959.172;735.938;946.906;647.625;949.359;561.766;928.769;228.322;975.208;1019.71;532.108;996.492;1400.89;932.639
2.37014;1.13351;1.93923;0.805716;0.768364;6.76247;41.0126;0.109285;0.0489286;0.111954;0.137847;0.0201942;0.0364269;0.220919;0.148193;0.167878;0.0966198;0.0528997;1.29913;0.316884;0.278065;0.158535;0.84969;0.341703;0.395679;0.158082;2.52224;0.391534;0.545894;0.222941;2;25;460.23;717.844;442.863;807.574;448.652;903.094;431.285;995.719;399.445;1091.24;405.234;1183.86;442.863;1279.38;535.488;1334.38;631.008;1343.06;723.633;1311.22;816.258;1244.65;905.988;1163.6;976.108;1069.49;1016.13;962.767;1027.25;884.945;1062.82;760.43;1097;699;1733.82;680.215;1754.09;767.051;1719.35;859.676;1745.4;952.301;1754.09;1044.93;1745.4;1137.55;1704.88;1204.12;1618.04;1273.59;1522.52;1296.75;1429.9;1282.28;1337.27;1235.96;1244.65;1160.71;1169.39;1068.08;1108.61;975.457;1073.87;882.832;1082.55;790.207;1094.13;697.582;1080.61;337.969;1027.25;1398.57;498.059;1113.96;1605.35;1031.69
2.31907;1.8631;1.85515;0.00794964;5.20334;58.531;58.531;0.098901;0.0779866;0.0996454;0.00150776;0.130441;0.262401;0.262401;0.0909635;0.0136202;0.0440037;0.0224053;0.716468;0.0292872;0.152398;0.0455894;1.00427;0.104605;0.149375;0.682161;3.69431;0.193371;0.348397;0.628088;2;25;446.34;465.508;440.863;533.965;451.816;607.898;460.031;679.094;451.816;753.027;454.555;826.961;490.152;878.988;553.133;941.969;627.066;958.398;698.262;947.445;772.195;917.324;843.391;873.512;917.324;816.008;991.258;755.766;1043.08;699.479;1069.67;609.488;1040;493;1632.02;520.273;1615.59;583.254;1599.16;651.711;1610.11;720.168;1623.8;788.625;1604.63;848.867;1536.18;887.203;1467.72;900.895;1399.26;895.418;1330.8;878.988;1265.09;840.652;1196.63;816.008;1130.91;763.98;1095.31;695.523;1078.88;627.066;1062.45;558.609;1037.81;492.891;1065.58;192.255;1051;964;648.348;795.607;1525.77;738.339
0.377792;0.158615;0.103739;0.262354;1.04012;8.91681;9.03468;0.0183246;0.00724724;0.00609778;0.05383;0.0312953;0.0591437;0.0599256;0.0607822;0.00213337;0.0627715;0.0282418;0.739976;0.0296718;0.200627;0.108554;0.223263;0.118519;0.532635;0.0924287;1.54188;0.247698;0.543331;0.127576;1;25;526.844;526.844;544.023;601.289;549.75;678.598;538.297;755.906;538.297;833.215;546.887;910.523;586.973;984.969;664.281;1025.05;741.59;1022.19;816.035;996.422;893.344;950.609;970.652;890.48;1033.64;816.035;1088.05;744.453;1113.82;670.008;1133.86;595.562;1139.59;521.117;1749.46;515.391;1743.74;586.973;1732.29;667.145;1746.6;747.316;1758.05;824.625;1758.05;904.797;1717.97;967.789;1640.66;1022.19;1560.49;1033.64;1480.32;1016.46;1403.01;979.242;1322.84;916.25;1251.25;836.078;1196.85;758.77;1156.77;678.598;1145.31;598.426;1139.59;521.117;1111.12;144.929;1134.23;1157.33;646.931;835.969;1590.02;831.768
2.85638;2.47149;1.18203;1.28946;4.58904;43.8513;45.2917;0.130963;0.113363;0.0711746;0.248256;0.125912;0.241417;0.249347;0.0537337;0.00419275;0.128726;0.0373354;0.577512;0.0252344;0.280898;0.0666232;0.827488;0.0613184;0.388426;0.533096;2.0193;0.102262;0.508013;0.447924;3;25;506.458;762.667;503.479;831.188;515.396;917.583;494.542;1003.98;494.542;1090.38;506.458;1176.77;569.021;1206.56;655.417;1203.58;741.812;1182.73;828.208;1170.81;914.604;1144;998.021;1096.33;1084.42;1060.58;1146.98;986.104;1176.77;899.708;1200.6;813.312;1212.52;729.896;1918.58;694.146;1927.52;780.542;1909.65;872.896;1921.56;965.25;1936.46;1054.62;1933.48;1146.98;1900.71;1239.33;1814.31;1298.92;1721.96;1307.85;1629.6;1284.02;1540.23;1239.33;1447.88;1179.75;1358.5;1093.35;1298.92;1003.98;1248.27;911.625;1218.48;819.271;1212.52;729.896;1203.49;365.646;1244.65;1389.94;678.02;1021.87;1835.5;1070.3
4.27816;2.26186;4.26377;2.00191;2.42505;30.9364;44.6707;0.194882;0.102197;0.239724;0.460619;0.0623993;0.1598;0.230743;0.102174;0.0955952;0.0263894;0.0427097;1.10808;0.219286;0.10731;0.103725;1.02564;0.278178;0.539488;0.846713;5.58499;0.510462;0.744669;0.709847;3;25;476.667;720.958;524.333;783.521;521.354;866.938;500.5;950.354;470.708;1030.79;452.833;1114.21;473.688;1191.67;548.167;1260.19;631.583;1275.08;707.078;1278.55;864.475;1242.23;1004.92;1162.32;1079.99;1060.62;1111.47;968.6;1111.47;874.161;1099.36;806.359;1140;737;1802.4;750.75;1820.27;843.104;1796.44;941.417;1790.48;1036.75;1823.25;1135.06;1820.27;1233.38;1769.62;1328.71;1674.29;1370.42;1575.98;1367.44;1486.6;1331.69;1388.29;1278.06;1292.96;1221.46;1206.56;1123.15;1158.9;1024.83;1144;929.5;1132.08;831.188;1138.04;735.854;1113.89;409.233;1155.06;1445.64;576.317;1058.2;1636.93;1234.96
4.62446;4.45005;4.13627;0.313773;7.24032;77.5471;85.1806;0.16703;0.16316;0.173916;0.0898846;0.163756;0.291041;0.319691;0.149042;0.149187;0.167928;0.122838;2.19733;0.268387;0.347138;0.300331;0.403269;0.270814;0.539756;0.345919;2.05351;0.314968;0.467394;0.403966;3;25;292.574;703.629;311.918;788.258;311.918;872.887;275.648;959.934;263.559;1046.98;297.41;1131.61;384.457;1179.97;471.504;1201.73;558.551;1196.89;643.18;1177.55;730.227;1136.45;817.273;1076;901.902;991.367;955.098;909.156;967.604;814.256;965.444;742.982;982;707;1670.82;708.465;1675.65;807.602;1665.98;906.738;1678.07;1005.88;1685.32;1105.01;1675.65;1204.15;1622.46;1303.29;1528.16;1356.48;1429.02;1354.06;1334.72;1325.05;1235.58;1271.85;1136.45;1194.48;1051.82;1100.18;1005.88;1001.04;972.023;901.902;986.531;802.766;981.695;706.047;954.645;313.175;950.325;1200.87;488.122;1084.23;1494.6;1231.1
3.13451;0.0608908;0.405395;0.466286;3.02104;20.0539;36.5388;0.13669;0.0025719;0.0205474;0.118178;0.0779503;0.103248;0.188122;0.144186;0.0558431;0.0109287;0.0425766;0.981985;0.165083;0.0652989;0.12245;0.951861;0.109713;0.293858;0.599721;3.54299;0.165522;0.616582;0.547035;1;25;482.667;634.667;504;706.667;569.211;760.396;538.795;819.055;499.689;899.44;501.861;968.962;554.667;1024;629.333;1072;704;1088;778.667;1080;853.333;1050.67;928;1000;994.667;928;1042.67;853.333;1045.33;778.667;1053.33;704;1040;629.333;1597.33;624;1581.33;693.333;1562.67;762.667;1552;832;1562.67;901.333;1562.67;970.667;1530.67;1034.67;1472;1077.33;1402.67;1085.33;1333.33;1069.33;1264;1034.67;1194.67;973.333;1141.33;904;1101.33;834.667;1077.33;765.333;1074.67;696;1040;629.333;1036.31;325.884;1036.31;1129.73;712.6;953.754;1459.96;966.789
1.06805;0.755498;0.94241;0.186912;2.53628;44.5191;58.938;0.0399452;0.0274985;0.0402768;0.0458589;0.0552374;0.151849;0.20103;0.0952862;0.0925569;0.356545;0.0624154;0.991437;0.215676;0.463826;0.172596;0.378942;0.342725;0.85446;0.301796;1.44446;0.417731;0.759038;0.367873;1;25;330.688;697.125;333.667;795.438;375.375;902.688;357.5;1006.96;354.521;1108.25;408.146;1197.62;479.646;1298.92;577.958;1358.5;685.208;1376.38;789.479;1361.48;896.729;1316.79;1001;1227.42;1075.48;1120.17;1120.17;1015.9;1167.83;908.646;1218.48;804.375;1194.65;706.062;2055.62;720.958;2079.46;813.312;2031.79;914.604;2019.88;1012.92;2034.77;1114.21;2025.83;1215.5;1951.35;1272.1;1853.04;1316.79;1754.73;1346.58;1656.42;1331.69;1555.12;1281.04;1462.77;1191.67;1394.25;1090.38;1337.65;989.083;1292.96;890.771;1251.25;789.479;1194.65;706.062;1227.7;302.687;1234.96;1266.44;719.185;1222.86;1716.84;1186.53
1.85628;0.161837;1.63927;1.47744;0.863348;3.05494;9.48486;0.103686;0.00877601;0.10774;0.458011;0.0321539;0.0299681;0.0930439;0.0642515;0.0124846;0.00781104;0.0182873;0.640925;0.089951;0.0424311;0.0978784;0.524618;0.0743571;0.0984773;0.149294;1.22224;0.190493;0.199814;0.214047;1;25;601.792;735.854;610.729;804.375;625.625;878.854;634.562;950.354;640.521;1018.88;673.292;1084.42;720.958;1152.94;795.438;1185.71;869.917;1182.73;941.417;1152.94;1015.9;1093.35;1087.4;1057.6;1146.98;1001;1215.5;941.417;1227.42;869.917;1227.42;795.438;1239.33;723.938;1882.83;712.021;1856.02;786.5;1838.15;860.979;1841.12;938.438;1856.02;1012.92;1847.08;1081.44;1775.58;1129.1;1698.12;1173.79;1623.65;1176.77;1549.17;1152.94;1471.71;1105.27;1397.23;1066.54;1319.77;1024.83;1284.02;953.333;1260.19;875.875;1257.21;801.396;1242;724;1227.7;312.373;1273.71;1494.07;803.938;1070.3;1692.63;992.815
6.06851;3.37281;5.9435;2.57068;3.98844;63.6427;68.868;0.218086;0.129451;0.263941;0.726905;0.0840771;0.229247;0.248069;0.138426;0.329056;0.418994;0.100371;2.01255;0.42121;0.757686;0.225731;0.339531;0.836052;0.940368;0.164787;1.97885;0.640155;1.07115;0.297657;3;25;408.49;487.552;437.479;561.344;445.385;643.042;392.677;724.74;363.688;806.438;368.958;888.135;416.396;969.833;490.188;922.396;571.885;925.031;653.583;919.76;735.281;896.042;816.979;867.052;898.677;822.25;972.469;745.823;1006.73;664.125;1043.74;600.006;1049;488;1689.3;487.552;1691.94;571.885;1697.21;661.49;1728.83;751.094;1757.82;840.698;1763.09;927.667;1723.56;1017.27;1636.59;1069.98;1546.99;1069.98;1460.02;1033.08;1370.42;983.01;1280.81;922.396;1193.84;840.698;1130.59;753.729;1093.7;664.125;1069.98;574.521;1048.9;487.552;1047.6;202.574;1049.53;989.72;553.703;818.014;1580.08;1005.15
2.80367;3.79478;1.25393;2.54085;5.88101;52.8611;77.7576;0.0873346;0.116822;0.0479048;0.402798;0.0997463;0.120892;0.17783;0.118727;0.0127632;0.174556;0.0963757;0.983913;0.0812312;0.329461;0.167877;0.586401;0.175474;0.263489;0.245394;2.08351;0.268238;0.388291;0.31068;3;25;342.604;512.708;342.604;608.542;323.438;706.771;270.729;802.604;249.167;900.833;268.333;994.271;340.208;1087.71;436.042;1104.48;531.875;1075.73;627.708;1023.02;725.938;946.354;814.583;867.292;840.26;789.216;863.819;736.209;875.598;679.276;905.625;606.146;903.229;510.313;1466.25;507.917;1454.27;586.979;1463.85;670.833;1504.58;754.688;1526.15;838.542;1509.38;920;1437.5;958.333;1353.65;1001.46;1269.79;1011.04;1188.33;999.063;1104.48;970.313;1020.63;922.396;953.542;840.938;934.375;759.479;920;675.625;900.833;591.771;903.229;510.313;903.083;245.403;871.672;871.672;406.388;916.826;1336.96;885.414
1.57394;1.12132;0.72816;0.393158;1.37063;40.6752;99.4099;0.077905;0.047909;0.0452835;0.0536724;0.0336224;0.193295;0.472412;0.183561;0.059744;0.188978;0.131125;1.37628;0.197049;0.48712;0.241707;1.45272;0.314274;1.09854;0.633606;3.11636;0.42622;0.951586;0.531953;2;25;541.333;656;509.333;733.333;461.333;808;437.333;888;426.667;970.667;472;1029.33;541.333;1101.33;624;1122.67;704;1122.67;784;1104;866.667;1064;946.667;1008;1016;930.667;1069.33;858.667;1058.67;778.667;1032;698.667;1133;645;1722.67;632;1704;712;1693.33;797.333;1722.67;882.667;1728;968;1698.67;1050.67;1624;1128;1538.67;1160;1453.33;1162.67;1368;1144;1282.67;1112;1197.33;1056;1120;976;1077.33;890.667;1061.33;805.333;1064;720;1130.67;642.667;1058.04;306.331;1062.38;1201.43;645.25;869.024;1520.79;895.095
0.733052;0.815083;0.586449;0.228634;1.10419;16.1144;19.8337;0.026664;0.0311272;0.0254752;0.0722339;0.0236811;0.0576809;0.0709942;0.0243801;0.00548254;0.120028;0.019225;0.675044;0.0311834;0.347742;0.0897164;0.15506;0.0755676;0.775922;0.0420357;0.902549;0.192793;0.778586;0.0958582;1;25;628.604;598.812;628.604;685.208;604.771;774.583;592.854;860.979;572;950.354;569.021;1039.73;613.708;1120.17;700.104;1176.77;789.479;1182.73;875.875;1155.92;965.25;1102.29;1045.69;1033.77;1132.08;953.333;1179.75;863.958;1191.67;777.562;1194.65;688.188;1209.54;601.792;1790.48;607.75;1802.4;694.146;1814.31;780.542;1832.19;866.938;1853.04;953.333;1850.06;1039.73;1814.31;1126.12;1739.83;1191.67;1653.44;1212.52;1567.04;1197.62;1480.65;1152.94;1394.25;1090.38;1310.83;1006.96;1257.21;920.562;1224.44;834.167;1215.5;747.771;1210;604;1210.75;334.167;1193.8;1159.9;721.607;1084.83;1714.42;1104.2
4.28412;3.06834;3.85491;0.786565;4.30286;35.032;63.7569;0.168338;0.114337;0.167503;0.205795;0.109028;0.178052;0.324048;0.0175292;0.0550476;0.293427;0.00783392;0.318293;0.193527;0.497208;0.0583954;0.416397;0.211716;0.429938;0.27032;2.30765;0.400176;0.604916;0.315497;3;25;664.354;786.5;655.417;872.896;658.396;962.271;616.688;1051.65;586.896;1141.02;586.896;1230.4;634.562;1313.81;723.938;1364.46;810.333;1376.38;899.708;1337.65;989.083;1287;1078.46;1242.31;1167.83;1164.85;1227.42;1075.48;1260.19;986.104;1278.06;899.708;1287;813.312;1909.65;843.104;1909.65;941.417;1915.6;1042.71;1957.31;1144;1987.1;1245.29;1975.19;1346.58;1915.6;1447.88;1817.29;1498.52;1713.02;1501.5;1611.73;1462.77;1510.44;1388.29;1424.04;1287;1361.48;1185.71;1319.77;1084.42;1287;983.125;1287;881.833;1287;816;1290.66;329.324;1268.87;1365.73;879.004;1203.49;1779.8;1363.3
3.07963;1.50991;3.07696;1.56706;3.12994;22.2776;26.7878;0.134108;0.0644484;0.152869;0.474867;0.0781622;0.101982;0.122629;0.0241025;0.0237081;0.00997912;0.0257249;0.324552;0.0440848;0.0677328;0.0445228;0.408828;0.104851;0.233588;0.349942;1.94187;0.160635;0.339615;0.414508;2;25;598.812;580.938;572;673.292;569.021;765.646;586.896;858;604.771;950.354;598.812;1042.71;640.521;1117.19;729.896;1179.75;822.25;1185.71;914.604;1155.92;1006.96;1102.29;1099.31;1024.83;1191.67;941.417;1218.48;860.979;1212.52;768.625;1209.54;676.271;1218.48;586.896;1841.12;592.854;1856.02;667.333;1838.15;750.75;1826.23;834.167;1835.17;917.583;1818.55;968.6;1775.58;1057.6;1692.17;1111.23;1608.75;1132.08;1525.33;1123.15;1441.92;1093.35;1358.5;1048.67;1275.08;977.167;1227.42;893.75;1209.54;810.333;1218.48;726.917;1220;588;1213.17;276.051;1186.53;1220.44;799.095;1094.52;1632.09;978.286
4.18941;0.976358;1.58357;0.607215;1.60018;9.03258;18.0172;0.183374;0.0373939;0.0767587;0.110815;0.039929;0.0432546;0.0862797;0.162726;0.06261;0.163595;0.111476;1.42385;0.131177;0.293973;0.189092;1.35612;0.240038;0.615112;0.332939;2.95549;0.295132;0.589258;0.399261;2;25;580.938;852.042;574.979;950.354;566.042;1048.67;548.167;1146.98;527.312;1248.27;539.229;1346.58;586.896;1441.92;676.271;1510.44;777.562;1525.33;875.875;1498.52;974.188;1435.96;1060.58;1349.56;1120.17;1248.27;1155.92;1149.96;1182.73;1051.65;1206.56;953.333;1203.58;858;1829.21;860.979;1835.17;953.333;1844.1;1048.67;1856.02;1144;1876.88;1239.33;1856.02;1334.67;1808.35;1415.1;1713.02;1474.69;1617.69;1483.62;1522.35;1456.81;1427.02;1406.17;1334.67;1328.71;1257.21;1233.38;1215.5;1138.04;1203.58;1042.71;1206.56;947.375;1203.58;858;1144;428;1198.64;1460.16;828.153;1312.45;1619.98;1247.07
0.905768;0.435173;0.786491;0.351318;0.621702;30.2598;41.4548;0.0400255;0.0193547;0.0414187;0.100511;0.0172774;0.18143;0.248552;0.0422394;0.0114185;0.0656714;0.0146911;0.489017;0.0578603;0.229945;0.0416552;0.889394;0.0387818;0.391808;0.720607;3.14246;0.0943681;0.499555;0.595615;2;25;503.479;738.833;536.25;819.271;548.167;902.688;515.396;986.104;500.5;1072.5;527.312;1155.92;604.771;1209.54;688.188;1242.31;774.583;1251.25;858;1224.44;941.417;1170.81;1024.83;1099.31;1108.25;1015.9;1161.88;941.417;1146.98;858;1093.35;786.5;1196;698;1885.81;658.396;1850.06;741.812;1873.9;831.188;1894.75;920.562;1894.75;1009.94;1870.92;1096.33;1793.46;1170.81;1704.08;1218.48;1614.71;1233.38;1525.33;1221.46;1435.96;1185.71;1349.56;1126.12;1266.15;1039.73;1197.62;956.312;1149.96;866.938;1146.98;777.562;1194.65;697.125;1142.95;273.629;1135.68;1351.2;622.325;1109.05;1682.94;1075.15
2.76642;0.956682;2.74887;1.79219;1.98865;14.6094;22.7949;0.117816;0.03934;0.138197;0.404803;0.0502765;0.0741248;0.115656;0.0897079;0.0593719;0.188429;0.0910677;1.11034;0.12913;0.301019;0.17947;0.605084;0.211526;0.359601;0.428985;2.83896;0.281789;0.731879;0.470194;2;25;346.516;584.422;349.102;677.516;336.172;773.195;318.07;866.289;289.625;961.969;276.695;1055.06;310.312;1150.74;395.648;1223.15;491.328;1233.49;587.008;1202.46;677.516;1137.81;773.195;1057.65;853.359;964.555;936.109;868.875;964.555;775.781;987.828;680.102;1008.52;589.594;1675.69;597.352;1642.07;682.688;1652.41;773.195;1688.62;861.117;1709.3;951.625;1704.13;1039.55;1660.17;1127.47;1580.01;1189.53;1489.5;1192.12;1401.58;1168.84;1311.07;1119.71;1228.32;1049.89;1137.81;977.484;1075.75;889.562;1056.51;793.986;1024.5;691.536;1011;592;977.542;215.571;981.81;1244.34;471.696;1090.66;1496.19;977.542
6.91919;3.11256;5.03989;1.92733;5.95463;77.8451;88.0035;0.297958;0.13252;0.271139;0.393357;0.134411;0.308897;0.349207;0.228872;0.0958743;0.0521791;0.122767;2.05772;0.221054;0.192108;0.312051;1.70995;0.153123;0.178612;1.69803;4.41786;0.290958;0.268122;0.952684;4;25;317.333;525.333;272;640;248;754.667;253.333;869.333;253.333;984;234.667;1098.67;306.667;1200;416;1288;528;1309.33;642.667;1285.33;757.333;1226.67;874.667;1138.67;981.333;1032;1018.93;958.099;1084.11;821.228;1103.66;697.392;1051;524;1784;522.667;1808;626.667;1818.67;730.667;1853.33;834.667;1898.67;938.667;1893.33;1042.67;1824;1138.67;1720;1173.33;1613.33;1162.67;1509.33;1120;1405.33;1077.33;1301.33;1024;1216;928;1146.67;829.333;1141.33;725.333;1098.67;621.333;1050.67;522.667;1055.86;219.429;1129.73;1307.88;571.383;1138.42;1746.74;918.993
3.7279;2.45292;3.07513;0.622201;3.13721;62.389;86.3746;0.200129;0.125626;0.231757;0.099444;0.0888207;0.385545;0.533769;0.048289;0.0262343;0.305192;0.0128513;0.830785;0.113901;0.524958;0.0961994;0.486976;0.176463;0.843384;0.307219;1.52308;0.286427;0.677922;0.318749;3;25;497.521;723.938;479.646;753.729;485.604;795.438;513.358;837.839;539.994;900.798;532.73;971.021;537.573;1099.36;624.747;1208.33;770.037;1227.7;903.219;1159.9;975.864;1111.47;1002.5;1063.04;1029.14;992.815;1048.51;941.963;1067.88;881.426;1113.89;772.458;1247;751;1996.04;777.562;2004.98;866.938;1969.23;962.271;1954.33;1054.62;1954.33;1149.96;1927.52;1242.31;1864.55;1319.72;1790.48;1337.65;1695.15;1334.67;1602.79;1325.73;1507.46;1287;1415.1;1215.5;1358.5;1123.15;1307.85;1030.79;1272.1;935.458;1260.19;843.104;1245.29;750.75;1201.06;455.242;1167.16;1518.28;690.127;954.071;1801.6;1084.83
3.05133;1.80834;2.58411;0.775769;4.43627;51.8998;54.8674;0.14569;0.0815543;0.150612;0.154656;0.131205;0.340692;0.360173;0.0165572;0.014814;0.0452653;0.0416384;0.161265;0.051866;0.148104;0.0944469;0.764151;0.024502;0.274214;0.257376;1.12844;0.0395712;0.260191;0.237598;2;25;444.906;534.371;464.25;589.984;442.488;648.016;418.309;703.629;411.055;761.66;413.473;817.273;425.562;865.633;481.176;882.559;539.207;897.066;597.238;889.812;652.852;865.633;710.883;831.781;766.496;781.004;822.109;727.809;868.051;677.031;877.723;619;922;531;1400;527.117;1416.93;589.984;1412.09;657.688;1416.93;725.391;1426.6;793.094;1412.09;860.797;1363.73;906.738;1296.03;950.262;1228.33;955.098;1160.62;943.008;1092.92;909.156;1022.8;860.797;957.516;795.512;909.156;730.227;882.559;662.523;882.559;594.82;921.246;529.535;903.734;202.358;862.477;1019.65;487.231;721.023;1267.19;805.502
2.45487;1.67328;2.45487;0.781592;7.2529;78.7516;78.7516;0.0936384;0.06311;0.107652;0.210679;0.16083;0.312724;0.312724;0.0755502;0.0235778;0.0468369;0.0891519;0.690435;0.0669344;0.225203;0.186027;0.838664;0.0700501;0.389687;0.466724;3.99196;0.112736;0.524358;0.45981;2;25;461.333;549.333;445.333;642.667;437.333;738.667;440;832;421.333;928;413.333;1021.33;437.333;1117.33;520;1194.67;616;1210.67;709.333;1194.67;805.333;1141.33;898.667;1061.33;962.667;965.333;1008;872;1021.33;778.667;1005.33;685.333;998;574;1536;597.333;1544;680;1506.67;762.667;1486.03;812.537;1492.55;899.44;1501.24;992.86;1453.44;1090.63;1412.16;1134.08;1333.33;1154.67;1248;1125.33;1165.33;1072;1093.33;992;1058.67;906.667;1029.33;824;1018.67;741.333;1008;656;997.333;573.333;1036.31;291.123;1016.76;1131.9;601.799;1099.32;1470.82;1016.76
3.03688;1.15982;2.20959;1.04977;0.600935;6.84723;21.0726;0.14092;0.0520968;0.12987;0.199997;0.0169106;0.0394914;0.121536;0.0545043;0.00387179;0.050056;0.0340018;0.823092;0.0293561;0.153139;0.104098;0.409411;0.12096;0.26715;0.110126;1.09047;0.145898;0.577001;0.231201;2;25;395.016;531.656;424.828;591.281;407.438;655.875;385.078;720.469;372.656;787.547;395.016;842.203;457.125;894.375;521.719;904.312;588.797;901.828;653.391;884.438;720.469;857.109;785.062;819.844;852.141;780.094;901.828;720.469;924.188;655.875;931.641;591.281;931.641;529.172;1465.78;526.688;1470.75;586.312;1465.78;650.906;1483.17;715.5;1495.59;782.578;1475.72;847.172;1435.97;909.281;1368.89;939.094;1304.3;936.609;1239.7;916.734;1172.62;879.469;1108.03;839.719;1043.44;785.062;991.266;717.984;966.422;653.391;956.484;588.797;931.641;529.172;931.358;219.378;937.341;1009.14;546.45;721.952;1382.08;791.754
3.78223;3.42719;2.88175;0.545448;9.00932;84.7479;94.8422;0.110498;0.10758;0.0975579;0.235279;0.160888;0.223291;0.249887;0.141729;0.0228788;0.244108;0.178446;0.698857;0.105269;0.598797;0.287807;0.313403;0.274929;0.900772;0.831091;0.849564;0.423911;1.00416;0.679039;3;25;434.667;584;440;674.667;378.667;765.333;341.333;856;341.333;949.333;370.667;1040;410.614;1103.66;480;1152;570.667;1160;661.333;1141.33;754.667;1088;845.333;1021.33;920;930.667;962.667;837.333;1005.33;749.333;1021.1;656.113;1029;573;1624;562.667;1632;664;1637.33;768;1717.33;869.333;1770.67;970.667;1773.33;1074.67;1730.67;1176;1632;1250.67;1528;1261.33;1426.67;1229.33;1322.67;1176;1221.33;1082.67;1144;978.667;1090.67;874.667;1042.67;776;1024;672;1026.67;570.667;1010.24;252.017;1012.41;1005.9;525.76;1099.32;1568.59;1186.22
4.17802;1.09058;1.74698;0.656403;1.29627;64.1876;108.544;0.176873;0.0444876;0.0949261;0.107419;0.0299456;0.297041;0.50231;0.180836;0.0764328;0.11468;0.139531;1.75443;0.16096;0.331303;0.287485;1.93879;0.484071;0.967831;1.83064;7.84558;0.440389;0.909527;1.19848;2;25;441.059;441.059;445.879;510.953;455.52;580.848;431.418;650.742;392.855;723.047;354.293;792.941;347.062;862.836;397.676;927.91;467.57;947.191;537.465;925.5;609.77;877.297;679.664;826.684;744.738;768.84;795.352;698.945;821.863;629.051;821.863;568.797;921;460;1400.3;479.621;1412.35;551.926;1414.76;629.051;1429.22;706.176;1441.27;783.301;1431.63;858.016;1383.43;935.141;1306.3;976.113;1229.18;976.113;1152.05;942.371;1074.93;891.758;997.805;833.914;925.5;761.609;877.297;684.484;858.016;607.359;877.297;530.234;920.68;457.93;910.468;209.537;840.004;979.078;400.532;749.143;1303.58;802.918
0.884298;1.28086;0.838868;0.441988;2.85899;31.1206;31.2845;0.0364698;0.0510362;0.0423102;0.0838618;0.0693715;0.153071;0.153878;0.0460129;0.040951;0.0312654;0.0327453;0.349624;0.125335;0.157697;0.0712025;0.474969;0.203468;0.55451;0.303195;2.48865;0.313416;0.683665;0.358048;2;25;631.583;649.458;604.771;741.812;619.667;849.062;607.75;956.312;574.979;1063.56;548.167;1167.83;572;1275.08;673.292;1349.56;780.542;1370.42;884.812;1340.62;992.062;1289.98;1099.31;1206.56;1173.79;1099.31;1227.42;995.042;1244.65;869.318;1264.02;767.615;1251;649;1870.92;646.479;1856.02;747.771;1823.25;849.062;1856.02;950.354;1885.81;1051.65;1900.71;1152.94;1879.85;1254.23;1784.52;1304.88;1683.23;1313.81;1581.94;1284.02;1480.65;1236.35;1382.33;1149.96;1328.71;1051.65;1287;950.354;1260.19;849.062;1248.27;747.771;1248.27;646.479;1266.44;256.679;1285.82;1339.09;668.334;1133.26;1876.66;1096.94
1.69208;2.41791;1.02374;1.39417;4.41622;58.3316;63.0435;0.0743672;0.104176;0.0542103;0.322331;0.108802;0.268481;0.290168;0.0414727;0.0266858;0.227942;0.0271038;0.597253;0.0905652;0.437237;0.103191;0.25365;0.0367404;0.379773;0.163941;1.57195;0.0890334;0.44259;0.214219;3;25;482.625;792.458;473.688;893.75;414.104;998.021;375.375;1099.31;369.417;1203.58;411.125;1292.96;515.396;1349.56;613.708;1322.75;717.979;1319.77;822.25;1325.73;923.542;1292.96;1024.83;1215.5;1099.31;1117.19;1138.04;1012.92;1155.92;911.625;1147.79;786.987;1152.63;731.293;1954.33;762.667;1960.29;863.958;1948.38;974.188;1987.1;1084.42;2013.92;1194.65;1999.02;1304.88;1921.56;1403.19;1811.33;1450.85;1701.1;1456.81;1590.88;1435.96;1480.65;1391.27;1373.4;1319.77;1278.06;1212.52;1209.54;1102.29;1170.81;992.062;1155.92;881.833;1150.21;736.136;1138.1;360.803;1159.9;1484.38;598.11;1186.53;1738.64;1232.54
1.07664;1.54504;0.545965;0.999074;0.00656731;25.3882;57.6501;0.0406824;0.0595948;0.024819;0.254356;0.000123579;0.0814283;0.184903;0.154834;0.211075;0.275036;0.0808035;1.11221;0.303098;0.492827;0.180542;0.321463;0.426658;0.459563;0.166596;1.65337;0.414705;0.574135;0.169124;2;25;434.958;569.021;446.875;700.104;437.938;834.167;354.521;968.229;303.875;1102.29;288.979;1236.35;327.708;1370.42;443.896;1486.6;577.958;1513.42;709.042;1483.62;843.104;1382.33;938.438;1248.27;992.062;1114.21;1030.79;980.146;1069.52;846.083;1099.31;723.938;1101;536;1766.65;503.479;1769.62;640.521;1832.19;777.562;1900.71;917.583;1936.46;1054.62;1918.58;1191.67;1853.04;1331.69;1718.98;1421.06;1578.96;1444.9;1441.92;1418.08;1304.88;1352.54;1185.71;1221.46;1141.02;1084.42;1123.15;947.375;1105.27;807.354;1093.35;670.312;1099.31;533.271;1084.83;329.324;1104.2;1438.37;411.655;1317.3;1716.84;1293.08
0.708946;2.24001;0.684032;1.55597;2.89564;7.45093;39.6868;0.0276994;0.0898082;0.0316526;0.467051;0.0595522;0.0262485;0.139811;0.113809;0.0194967;0.536616;0.0671408;1.32213;0.0572011;0.606684;0.157888;0.371981;0.0708006;0.865245;0.171922;1.56959;0.103205;0.706387;0.209678;2;25;404.422;543;421.391;630.672;421.391;726.828;412.906;825.812;384.625;919.141;342.203;1015.3;412.906;1111.45;509.062;1165.19;608.047;1162.36;704.203;1128.42;800.359;1074.69;893.688;1003.98;989.844;921.969;1069.03;831.469;1097.31;732.484;1094.48;636.328;1091.66;543;1781.72;543;1784.55;641.984;1787.38;743.797;1781.72;842.781;1787.38;944.594;1818.48;1046.41;1812.83;1145.39;1733.64;1235.89;1634.66;1241.55;1535.67;1184.98;1433.86;1119.94;1334.88;1040.75;1238.72;941.766;1165.19;842.781;1117.11;743.797;1153.88;650.469;1093;543;1120.45;314.707;1153.93;1211.96;631.646;1078.04;1615.94;1102.59
1.48678;0.341686;1.43923;1.09754;1.01803;26.9586;28.5536;0.0656234;0.014851;0.0746884;0.293625;0.0282782;0.163482;0.173155;0.0891459;0.131373;0.23172;0.0496631;1.03103;0.245419;0.350042;0.120203;1.08133;0.379429;0.458349;0.32264;3.21181;0.431144;0.473616;0.386439;1;25;494.542;828.208;482.625;908.646;518.375;1001;485.604;1099.31;485.604;1194.65;512.417;1292.96;601.792;1364.46;700.104;1373.4;792.458;1346.58;887.792;1307.85;986.104;1251.25;1078.46;1185.71;1146.98;1099.31;1146.98;1003.98;1146.98;905.667;1105.27;822.25;1183;805;1870.92;780.542;1867.94;875.875;1859;974.188;1882.83;1072.5;1903.69;1170.81;1897.73;1269.12;1841.12;1343.6;1745.79;1388.29;1647.48;1385.31;1549.17;1358.5;1450.85;1313.81;1355.52;1257.21;1257.21;1182.73;1185.71;1084.42;1144;989.083;1149.96;890.771;1182.73;804.375;1123.58;339.01;1176.85;1474.69;590.846;1181.69;1673.26;1247.07
3.76776;2.89404;0.76341;2.13063;3.16747;7.99838;86.8627;0.147189;0.119634;0.0380979;0.513069;0.0713761;0.0341007;0.370335;0.0264689;0.0395199;0.114126;0.00443875;0.390644;0.160031;0.289497;0.0510011;0.505094;0.759808;0.347162;0.344286;2.84553;0.628696;0.604874;0.413557;3;25;449.854;670.312;455.812;762.667;464.75;858;461.771;950.354;431.979;1045.69;429;1138.04;449.854;1233.38;533.271;1269.12;628.604;1281.04;720.958;1260.19;816.292;1206.56;908.646;1152.94;1003.98;1081.44;1072.5;992.062;1066.54;896.729;1027.81;804.375;1183;626;1915.6;580.938;1912.62;673.292;1900.71;768.625;1900.71;863.958;1948.38;959.292;1966.25;1054.62;1942.42;1149.96;1856.02;1170.81;1760.69;1161.88;1668.33;1138.04;1573;1126.12;1477.67;1072.5;1382.33;986.104;1298.92;899.708;1239.33;813.312;1212.52;717.979;1182.73;625.625;1145.37;305.109;1174.43;1256.76;612.639;1082.41;1818.55;1053.35
3.44231;2.63182;3.13202;0.5002;4.5064;29.7686;47.9018;0.130137;0.105881;0.13334;0.365781;0.102303;0.12608;0.20288;0.310333;0.150912;0.31073;0.0516619;1.82802;0.285659;0.504358;0.152188;0.64346;0.210684;0.768915;0.131998;2.32001;0.322699;0.747452;0.256863;3;25;485.031;590.219;479.188;698.328;476.266;806.438;449.969;914.547;409.062;1022.66;409.062;1130.77;447.047;1241.8;546.391;1306.08;654.5;1300.23;759.688;1265.17;867.797;1209.66;975.906;1122;1019.73;1013.89;1037.27;905.781;1057.72;797.672;1081.09;692.484;1075.25;584.375;1668.39;578.531;1650.86;672.031;1674.23;768.453;1718.06;864.875;1735.59;961.297;1712.22;1057.72;1642.09;1148.3;1545.67;1200.89;1449.25;1200.89;1352.83;1171.67;1256.41;1133.69;1157.06;1066.48;1104.47;970.062;1084.02;873.641;1069.41;777.219;1081.09;680.797;1075.25;584.375;1060.31;277.545;1075.49;1264.13;611.465;1266.3;1565.52;1142.7
1.07825;0.576941;0.540271;0.0366696;0.792139;1.35286;11.8035;0.0604621;0.0290556;0.0366054;0.00719416;0.02694;0.0106409;0.0928407;0.104277;0.0188256;0.476288;0.0380473;1.17965;0.0439687;0.616728;0.120921;1.16996;0.0843448;1.65539;1.02613;3.52869;0.150909;1.09321;0.708713;2;25;418.852;546.328;413.648;585.352;418.852;629.578;424.055;673.805;431.859;718.031;439.664;759.656;479.639;822.53;502.091;871.515;536.788;924.581;614.347;973.566;736.808;977.648;812.325;957.238;889.884;906.212;967.443;816.407;1002.14;722.521;1020.51;657.208;1038;537;1657.2;528.117;1662.4;585.352;1646.79;642.586;1631.18;699.82;1607.77;757.055;1583.83;840.9;1536.89;944.992;1451.16;985.812;1408.3;1004.18;1308.29;989.894;1234.82;940.909;1167.46;867.433;1118.48;808.243;1091.94;749.054;1073.58;685.782;1058.84;593.156;1035.42;535.922;1024.59;167.364;971.525;1206.24;589.854;769.464;1420.55;791.915
1.75507;0.401313;0.894863;0.49355;0.563248;12.1086;25.7578;0.0831609;0.0188705;0.0531568;0.111353;0.0160231;0.0719987;0.153158;0.0282398;0.00410857;0.204258;0.0117139;0.294902;0.0398411;0.321124;0.0427352;0.642302;0.0331312;0.560678;0.249014;2.63606;0.112918;0.709079;0.257906;1;25;466.375;511.875;474.906;585.812;489.125;659.75;494.812;733.688;472.062;807.625;463.531;881.562;480.594;955.5;540.312;1009.53;614.25;1026.59;688.188;1009.53;762.125;978.25;836.062;941.281;906.683;911.139;991.337;857.673;1029.21;799.752;1067.08;688.366;1116;522;1765.97;531.781;1743.22;617.094;1743.22;702.406;1765.97;790.562;1777.34;875.875;1739.85;949.01;1684.16;991.337;1609.56;1009.53;1521.41;1006.69;1436.09;986.781;1350.78;952.656;1262.62;927.062;1185.84;861.656;1120.44;779.188;1106.22;691.031;1103.38;605.719;1114.75;520.406;1111.63;171.535;1098.27;1167.33;574.752;859.901;1588.37;824.257
2.84895;3.693;2.84572;0.847282;6.36165;63.8504;80.4303;0.0982417;0.129478;0.128843;0.131658;0.122859;0.197006;0.248162;0.0798907;0.105823;0.152282;0.0450381;1.36135;0.259893;0.347648;0.159939;0.321856;0.418266;0.192974;0.0796307;1.76078;0.493905;0.370699;0.199477;3;25;461.771;640.521;467.729;735.854;458.792;834.167;393.25;932.479;357.5;1030.79;357.5;1129.1;402.188;1227.42;500.5;1284.02;595.833;1266.15;694.146;1233.38;792.458;1191.67;890.771;1144;983.125;1066.54;1029.14;1009.77;1067.88;951.649;1113.89;857.211;1153;654;1844.1;667.333;1859;771.604;1873.9;881.833;1942.42;992.062;1981.15;1102.29;1984.12;1212.52;1939.44;1322.75;1841.12;1406.17;1733.88;1409.15;1623.65;1358.5;1513.42;1281.04;1403.19;1194.65;1298.92;1087.4;1215.5;980.146;1152.94;869.917;1161.88;759.688;1152.94;652.438;1174.43;331.745;1145.37;1225.28;501.25;1070.3;1842.76;1172.01
4.85661;2.32067;4.43795;2.11728;2.8402;25.1717;45.3382;0.222448;0.105035;0.247938;0.504733;0.0752367;0.134144;0.241615;0.135094;0.125237;0.0219817;0.0970563;0.878134;0.199944;0.0982239;0.214402;0.826936;0.220788;0.221958;0.674113;1.5316;0.293314;0.2847;0.568262;3;25;420.902;647.102;389.406;744.453;406.586;850.395;432.355;956.336;415.176;1062.28;400.859;1165.36;449.535;1242.66;549.75;1305.66;655.691;1314.25;758.77;1288.48;861.848;1225.48;967.789;1145.31;1047.96;1042.23;1105.23;939.156;1125.27;833.215;1119.54;727.273;1125.27;624.195;1832.5;604.152;1846.82;698.641;1818.18;795.992;1829.64;893.344;1852.54;990.695;1858.27;1085.18;1792.41;1176.81;1695.06;1208.3;1597.71;1208.3;1503.22;1185.4;1405.87;1142.45;1314.25;1076.59;1216.89;1007.88;1156.77;913.387;1151.04;816.035;1148.18;718.684;1125.27;624.195;1104.54;259.893;1165.04;1395.8;589.239;1174;1709.47;972.356
3.61786;1.36082;3.18902;1.82819;1.74408;21.5031;50.5176;0.161223;0.0595665;0.169182;0.45753;0.0433984;0.0968328;0.227491;0.192188;0.0845162;0.705058;0.154912;1.93063;0.127547;0.863789;0.268034;1.06908;0.194203;0.871323;0.952718;2.65801;0.241738;0.864105;0.693786;2;25;389.203;566.883;394.844;651.492;423.047;738.922;442.789;826.352;431.508;913.781;451.25;1001.21;504.836;1080.18;592.266;1125.3;679.695;1128.12;764.305;1099.92;846.094;1046.34;933.523;984.289;1012.49;899.68;1051.98;812.25;1066.08;724.82;1060.44;637.391;1043.52;552.781;1697.83;538.68;1678.09;617.648;1669.62;702.258;1686.55;786.867;1695.01;871.477;1683.73;956.086;1627.32;1032.23;1542.71;1074.54;1458.1;1080.18;1373.49;1060.44;1288.88;1020.95;1207.09;964.547;1142.23;888.398;1099.92;803.789;1080.18;719.18;1074.54;634.57;1043.52;552.781;1064.55;272.376;1068.71;1185.15;654.95;1018.81;1536.53;902.376
2.88063;1.37062;1.37932;0.00870014;2.67875;35.5643;47.94;0.115781;0.0534146;0.0645165;0.00203241;0.0617483;0.149348;0.201318;0.151031;0.0560952;0.150256;0.0855417;1.86616;0.164039;0.324742;0.224143;0.985379;0.268324;0.670028;0.858234;3.7851;0.372424;0.739287;0.669261;2;25;519.938;517.172;506.109;605.672;531;705.234;519.938;802.031;500.578;901.594;506.109;998.391;566.953;1095.19;658.219;1147.73;757.781;1153.27;857.344;1128.38;954.141;1081.36;1053.7;995.625;1109.02;898.828;1133.91;799.266;1136.67;702.469;1139.44;602.906;1106.25;511.641;1695.33;503.344;1700.86;594.609;1678.73;688.641;1703.62;779.906;1722.98;873.938;1725.75;965.203;1681.5;1056.47;1590.23;1097.95;1496.2;1103.48;1404.94;1081.36;1310.91;1034.34;1219.64;967.969;1167.09;873.938;1139.44;782.672;1136.67;688.641;1136.67;597.375;1106.25;511.641;1107.8;175.366;1135.6;1105.66;684.356;996.594;1625.35;945.267
2.88269;1.88556;2.42484;0.539279;3.60204;35.0159;40.9659;0.118998;0.0739135;0.113817;0.128228;0.0824428;0.139306;0.162977;0.112197;0.0308194;0.466943;0.0633419;1.34525;0.107164;0.607449;0.166788;0.496994;0.120946;1.09114;0.33486;1.86148;0.184641;0.802073;0.351652;2;25;454.395;608.613;448.887;696.738;448.887;784.863;437.871;875.742;421.348;963.867;424.102;1054.75;462.656;1137.36;548.027;1203.46;636.152;1211.72;724.277;1184.18;815.156;1123.59;897.773;1046.48;983.145;961.113;1035.47;872.988;1079.53;782.109;1074.02;693.984;1060.25;605.859;1668.87;600.352;1666.11;682.969;1666.11;765.586;1685.39;848.203;1699.16;933.574;1688.14;1016.19;1652.34;1093.3;1575.23;1145.62;1489.86;1142.87;1407.25;1118.09;1324.63;1074.02;1242.01;1013.44;1164.9;936.328;1104.32;853.711;1079.53;771.094;1071.27;688.477;1060.25;605.859;1044.05;308.47;1067.78;1164.67;678.238;1079.64;1463.25;996.594
