8.21531;4.37786;7.14286;2.765;6.83387;53.7431;102.328;0.267809;0.141365;0.261905;0.748154;0.125167;0.153457;0.292187;0.186369;0.00697287;0.210934;0.190612;1.48248;0.0414554;0.582641;0.253692;0.317351;0.0681945;0.435244;0.3549;2.03942;0.169119;0.945812;0.390258;4;25;461.333;549.333;472;642.667;504;738.667;458.667;834.667;418.667;930.667;416;1024;456;1120;533.333;1189.33;629.333;1200;722.667;1170.67;810.667;1085.33;888;994.667;938.667;898.667;968;805.333;989.333;709.333;1002.67;616;1004;522.667;1520;498.667;1528;578.667;1501.33;661.333;1533.33;746.667;1562.67;829.333;1565.33;912;1528;992;1456;1058.67;1370.67;1077.33;1288;1058.67;1205.33;1010.67;1120;938.667;1053.33;856;1016;773.333;1000;688;1005.33;605.333;1004;523.687;1025.53;262.132;995.641;970.347;570.251;1135.9;1365.84;933.557
4.75844;2.35016;4.55032;2.20017;5.01446;47.9207;50.7886;0.20762;0.0961957;0.230041;0.473107;0.120528;0.217905;0.230946;0.0336785;0.06531;0.00526361;0.0172391;0.815117;0.221102;0.0350509;0.0881012;1.12701;0.291845;0.207108;0.568044;4.19787;0.443283;0.278299;0.657766;2;25;442.667;546.667;400;653.333;386.667;762.667;392;869.333;386.667;978.667;400;1088;450.667;1197.33;544;1277.33;653.333;1290.67;760;1266.67;869.333;1197.33;960;1090.67;1013.33;981.333;1045.33;872;1072;762.667;1056;658.667;1054.67;552;1664;557.333;1658.67;650.667;1653.33;749.333;1674.67;848;1672;944;1637.33;1042.67;1573.33;1141.33;1477.33;1189.33;1378.67;1186.67;1280;1154.67;1192;1112;1109.33;1026.67;1072;936;1048;840;1080;741.333;1053.33;648;1054.67;551.679;1064.42;217.825;1035.23;1266.53;550.175;1143.02;1520.28;952.14
1.33045;1.02151;1.12245;0.100941;2.18371;28.3307;39.0148;0.0500352;0.0408313;0.0475162;0.0723416;0.0511326;0.130959;0.180347;0.0200982;0.0246741;0.0210523;0.0120255;0.256679;0.11771;0.0899777;0.0601564;0.302816;0.0361884;0.0742241;0.139095;1.85459;0.137301;0.220211;0.27866;2;25;306.667;530.667;336;637.333;346.667;749.333;306.667;861.333;274.667;973.333;282.667;1085.33;333.333;1194.67;421.333;1274.67;533.333;1298.67;645.333;1266.67;754.667;1181.33;848;1072;914.667;960;981.333;848;1000;736;989.333;624;989.333;514.667;1648;498.667;1624;602.667;1600;709.333;1610.67;813.333;1637.33;920;1664;1024;1637.33;1130.67;1557.33;1229.33;1450.67;1253.33;1346.67;1224;1240;1144;1157.33;1040;1093.33;933.333;1029.33;829.333;1002.67;722.667;989.333;618.667;989.333;514.376;1015.02;175.158;999.298;1275.51;494.035;1239.58;1567.44;1190.18
5.62515;2.18687;5.23758;3.05071;4.46952;48.6723;55.8842;0.22183;0.0843767;0.227433;1.05606;0.102498;0.20678;0.237419;0.0277218;0.219139;0.262693;0.237114;0.441043;0.405159;0.433598;0.24584;0.196121;0.571563;0.832508;0.482477;1.5187;0.748917;1.20189;0.472393;3;25;405.333;632;410.667;741.333;429.333;853.333;426.667;965.333;400;1077.33;397.333;1189.33;442.667;1301.33;544;1373.33;656;1386.67;768;1354.67;880;1288;981.333;1178.67;1050.67;1066.67;1088;954.667;1088;842.667;1080;730.667;1080;621.333;1693.33;610.667;1688;709.333;1666.67;810.667;1685.33;912;1704;1013.33;1712;1114.67;1677.33;1216;1578.67;1285.33;1477.33;1296;1376;1274.67;1274.67;1218.67;1184;1122.67;1125.33;1021.33;1093.33;920;1085.33;818.667;1080;717.333;1080;620.991;1066.67;264.982;1071.16;1304.7;675.93;1331.65;1542.74;1113.82
3.68184;3.25307;3.65014;0.397068;4.81603;35.2003;57.6896;0.15914;0.136817;0.188277;0.0904553;0.121243;0.164436;0.269494;0.0567406;0.0757402;0.237378;0.0465937;0.566256;0.165366;0.484426;0.104061;0.230753;0.488375;0.474548;0.124817;1.79352;0.434815;0.7546;0.206591;3;25;434.667;592;445.333;664;453.333;736;429.333;808;453.333;877.333;498.667;949.333;568;997.333;640;1013.33;714.667;1010.67;786.667;986.667;853.333;938.667;925.333;912;994.667;861.333;1010.67;802.667;1002.67;730.667;1002.67;658.667;1002.67;586.667;1525.33;581.333;1522.67;658.667;1517.33;738.667;1538.67;818.667;1549.33;898.667;1538.67;978.667;1496;1061.33;1421.33;1109.33;1341.33;1120;1261.33;1104;1181.33;1058.67;1098.67;986.667;1048;906.667;1016;826.667;1002.67;746.667;1002.67;666.667;1002.67;586.789;990.316;291.93;1015.02;1107.09;572.632;864.561;1392.28;983.579
2.44499;1.17283;2.07736;0.90453;0.517035;4.07091;28.0773;0.112327;0.0524693;0.121086;0.174062;0.0159371;0.0271049;0.186945;0.0616868;0.0133095;0.0648762;0.0572386;1.13042;0.0545398;0.251176;0.142185;0.118013;0.0476004;0.135069;0.0778849;0.745168;0.0817165;0.393966;0.167072;2;25;453.333;666.667;448;722.667;434.667;784;413.333;842.667;408;904;437.333;949.333;496;994.667;554.667;1002.67;616;1002.67;677.333;989.333;736;965.333;797.333;933.333;856;904;912;853.333;946.667;797.333;976;736;988;677.333;1506.67;690.667;1504;746.667;1514.67;805.333;1520;864;1522.67;920;1498.67;978.667;1448;1024;1392;1040;1333.33;1034.67;1274.67;1016;1218.67;984;1160;952;1101.33;901.333;1048;850.667;1018.67;792;1000;733.333;988;678.853;974.596;321.123;985.825;1104.84;574.877;826.386;1414.74;891.509
1.14155;1.05782;0.684932;0.372892;1.06945;6.87855;23.1387;0.0561468;0.0513177;0.0415225;0.0905563;0.0328128;0.0478547;0.160978;0.214903;0.100569;0.0877238;0.170552;2.04055;0.212061;0.207197;0.279732;1.06842;0.178113;0.499851;0.889803;4.26974;0.28562;0.497755;0.695677;2;25;395.312;548.646;409.688;618.125;424.062;687.604;419.271;757.083;397.708;828.958;412.083;898.438;462.396;955.938;531.875;975.104;603.75;965.521;673.229;941.563;742.708;910.417;807.396;872.083;857.708;805;886.458;735.521;934.375;670.833;931.979;601.354;933.177;531.875;1449.48;512.708;1447.08;579.792;1435.1;646.875;1451.88;716.354;1461.46;783.438;1454.27;850.521;1403.96;912.812;1336.88;936.771;1267.4;931.979;1202.71;915.208;1142.81;872.083;1073.33;845.729;1013.44;800.208;970.313;735.521;934.375;666.042;934.375;598.958;933.177;530.785;916.959;216.959;898.538;1113.45;507.602;820.76;1359.06;796.199
5.47998;2.45365;5.33854;2.8849;5.92745;57.9254;61.6092;0.285462;0.117362;0.328;0.623018;0.179109;0.373048;0.396772;0.0840066;0.0283876;0.0166126;0.0732216;0.750787;0.113163;0.124549;0.109136;0.455611;0.337169;0.457525;0.275919;2.65371;0.371556;0.621463;0.305555;3;25;472;717.333;477.333;784;490.667;856;493.333;925.333;493.333;997.333;536;1061.33;592;1133.33;661.333;1170.67;733.333;1178.67;805.333;1165.33;874.667;1128;944;1064;1000;994.667;1045.33;922.667;1056;853.333;1029.33;781.333;1038.67;712;1520;709.333;1514.67;765.333;1530.67;826.667;1538.67;888;1525.33;946.667;1501.33;1008;1456;1064;1394.67;1090.67;1333.33;1093.33;1274.67;1082.67;1213.33;1056;1152;1010.67;1114.67;949.333;1106.67;888;1088;826.667;1048;765.333;1038.67;713.008;1028.49;415.439;1066.67;1277.75;705.123;1068.91;1394.53;884.772
0.226524;0.886915;0.2149;0.672016;0.374558;7.50704;47.3057;0.00956806;0.0354735;0.0105079;0.147666;0.00962539;0.0381854;0.240626;0.0161146;0.00981959;0.0651969;0.0464208;0.315129;0.0970163;0.208033;0.0966001;0.194193;0.0402924;0.268853;0.328276;0.973106;0.140874;0.446663;0.376451;2;25;517.333;560;501.333;626.667;520;696;530.667;765.333;530.667;834.667;533.333;904;568;973.333;632;1034.67;701.333;1048;770.667;1032;840;984;898.667;914.667;946.667;845.333;986.667;776;1024;709.333;1026.67;640;1026.67;573.333;1506.67;586.667;1496;656;1466.67;728;1472;800;1474.67;872;1466.67;944;1445.33;1013.33;1381.33;1066.67;1309.33;1074.67;1237.33;1053.33;1165.33;1000;1112;930.667;1066.67;858.667;1040;786.667;1034.67;714.667;1026.67;642.667;1026.67;573.39;1012.77;278.456;1006.04;1062.18;640;916.211;1387.79;922.947
4.53211;3.19233;4.1498;0.957468;5.63136;46.28;46.765;0.228309;0.155631;0.257053;0.219181;0.156141;0.281714;0.284666;0.0449693;0.0166131;0.132078;0.0961942;0.465307;0.0885358;0.405119;0.123461;0.246966;0.0860457;0.612451;0.645309;1.05667;0.228016;0.709489;0.565574;4;25;512;576;544;658.667;549.333;746.667;514.667;832;496;920;512;1008;589.333;1090.67;677.333;1117.33;765.333;1120;853.333;1109.33;938.667;1056;1002.67;970.667;1058.67;896;1093.33;829.333;1085.33;741.333;1090.67;653.333;1089.33;568;1722.67;562.667;1704;661.333;1677.33;762.667;1690.67;864;1709.33;965.333;1712;1066.67;1664;1165.33;1570.67;1242.67;1469.33;1261.33;1368;1237.33;1266.67;1170.67;1189.33;1069.33;1133.33;968;1098.67;866.667;1088;765.333;1088;664;1089.33;569.797;1125.05;280.702;1041.96;1390.04;579.368;904.982;1589.89;1089.12
2.71354;3.08825;2.625;0.463248;4.51775;43.471;49.4158;0.105598;0.117219;0.109661;0.192342;0.120271;0.265125;0.301382;0.162751;0.310955;0.36599;0.224503;1.45456;0.403582;0.629324;0.255067;0.807924;0.450127;0.640585;0.533107;1.71749;0.454101;0.705389;0.432485;3;25;512;690.667;536;765.333;506.667;840;477.333;914.667;458.667;989.333;477.333;1064;514.667;1138.67;589.333;1176;664;1178.67;738.667;1157.33;813.333;1109.33;874.667;1037.33;901.333;962.667;904;888;896;813.333;938.667;738.667;969.333;698.667;1480;709.333;1472;786.667;1461.33;869.333;1485.33;954.667;1490.67;1037.33;1501.33;1122.67;1466.67;1205.33;1394.67;1277.33;1312;1290.67;1229.33;1266.67;1144;1200;1088;1117.33;1053.33;1032;1029.33;949.333;1008;864;1000;781.333;969.333;699.171;1015.02;289.684;952.14;1187.93;691.649;1102.6;1363.09;1196.91
5.51315;4.29457;4.88372;0.589148;5.21289;46.6972;100.385;0.214229;0.153675;0.213198;0.116923;0.107738;0.166055;0.35697;0.217835;0.147728;0.0180409;0.0588088;1.61461;0.243796;0.105501;0.160704;1.11407;0.316971;0.234524;0.356617;3.56937;0.401459;0.466935;0.533533;3;25;404.021;578.932;411.411;675.01;404.021;773.552;357.214;872.094;332.578;970.635;339.969;1069.18;371.995;1167.72;463.146;1236.7;561.688;1249.02;660.229;1229.31;758.771;1189.89;857.312;1108.59;916.438;1010.05;950.927;911.51;973.099;812.969;982.953;714.427;982.953;615.885;1574.2;652.839;1576.67;761.234;1574.2;872.094;1569.28;982.953;1584.06;1093.81;1586.52;1202.21;1552.03;1313.07;1453.49;1399.29;1342.63;1399.29;1234.23;1359.88;1123.38;1276.11;1037.15;1165.26;990.344;1054.4;973.099;946;970.635;835.141;982.953;724.281;982.953;615.054;998.947;303.099;909.298;1220.94;529.357;1054.44;1374.62;1233.74
2.24408;1.11868;1.73969;0.621014;1.49435;19.3611;42.206;0.0997975;0.0510296;0.0895522;0.248849;0.0405712;0.105341;0.229638;0.0500366;0.00427434;0.108571;0.0227704;0.505906;0.0620549;0.232766;0.073064;1.05679;0.0454109;1.10705;0.41513;3.56989;0.170719;0.814357;0.453316;2;25;448;597.333;464;672;480;749.333;477.333;824;474.667;901.333;496;976;549.333;1048;621.333;1088;698.667;1085.33;773.333;1058.67;850.667;1013.33;914.667;952;965.333;874.667;1008;797.333;1034.67;722.667;1021.33;645.333;1021.33;570.667;1565.33;544;1549.33;613.333;1538.67;685.333;1552;760;1552;832;1538.67;904;1512;976;1453.33;1040;1378.67;1050.67;1306.67;1032;1234.67;994.667;1162.67;928;1101.33;856;1072;784;1040;714.667;1021.33;642.667;1021.33;570.13;1046.46;307.649;1032.98;1178.95;678.175;1015.02;1464.14;954.386
3.03618;1.55873;3.03618;1.47745;2.77798;16.8399;29.6734;0.122059;0.0626548;0.145736;0.365285;0.0599583;0.0617762;0.108855;0.0691387;0.0339659;0.0783218;0.051564;0.590718;0.130044;0.227738;0.109283;0.406537;0.190596;0.299101;0.198754;2.21697;0.311361;0.520844;0.287382;2;25;405.333;576;392;669.333;386.667;765.333;424;861.333;400;957.333;384;1053.33;402.667;1149.33;488;1221.33;584;1226.67;680;1197.33;776;1136;869.333;1048;944;957.333;989.333;861.333;1008;765.333;1026.67;669.333;1026.67;576;1640;576;1648;661.333;1626.67;752;1637.33;842.667;1661.33;933.333;1656;1024;1605.33;1114.67;1514.67;1165.33;1424;1176;1336;1152;1245.33;1101.33;1157.33;1024;1088;933.333;1040;842.667;1010.67;754.667;1026.67;664;1026.67;576;1021.75;339.088;1039.72;1208.14;550.175;1116.07;1493.33;1010.53
0.545969;0.661648;0.280899;0.380749;4.87334;31.9704;65.2405;0.0169436;0.0220559;0.010327;0.136065;0.0849588;0.0807486;0.16478;0.151723;0.0453689;0.249759;0.195754;1.79139;0.165782;0.585425;0.25975;0.665875;0.60364;0.763574;0.767019;3.94549;0.755123;0.973064;0.738413;2;25;477.333;453.333;453.333;525.333;461.333;602.667;448;677.333;437.333;754.667;437.333;829.333;480;906.667;554.667;957.333;632;957.333;706.667;925.333;784;874.667;845.333;800;901.333;725.333;936;650.667;946.667;573.333;954.667;498.667;953.333;424;1392;394.667;1408;477.333;1410.67;560;1416;642.667;1456;725.333;1469.33;808;1461.33;890.667;1386.67;954.667;1304;978.667;1221.33;965.333;1138.67;917.333;1064;837.333;1005.33;754.667;957.333;672;949.333;589.333;952;506.667;953.333;423.128;945.404;251.509;945.404;851.088;536.702;900.491;1365.33;907.228
6.84534;4.97253;4.67532;0.297205;9.36396;61.2171;93.1114;0.221482;0.17513;0.169811;0.345259;0.188387;0.196892;0.299474;0.0493923;0.0471913;0.00515228;0.0117425;0.591558;0.136956;0.0470342;0.043758;0.809746;0.266495;0.0801828;0.271016;3.04002;0.369435;0.269373;0.385967;4;25;357.333;536;376;642.667;381.333;749.333;336;858.667;301.333;965.333;285.333;1072;314.667;1181.33;413.333;1269.33;522.667;1293.33;626.667;1245.33;733.333;1162.67;834.667;1061.33;912;960;949.333;853.333;978.667;744;1000;637.333;1000;530.667;1658.67;525.333;1640;613.333;1648;701.333;1653.33;792;1650.67;880;1624;970.667;1552;1053.33;1461.33;1106.67;1373.33;1122.67;1285.33;1101.33;1194.67;1048;1106.67;976;1032;885.333;981.333;797.333;986.667;706.667;1000;618.667;1000;531.06;1017.26;226.807;985.825;1091.37;446.877;1259.79;1414.74;1098.11
4.9394;3.42201;4.09946;0.677452;7.1777;75.3092;80.3631;0.193752;0.138837;0.190923;0.213307;0.159029;0.299922;0.32005;0.124874;0.0242731;0.0659387;0.0348745;1.3605;0.121349;0.277473;0.140639;0.345158;0.0721204;0.148307;0.108101;1.373;0.167692;0.386502;0.229717;3;25;528;565.333;517.333;642.667;530.667;722.667;490.667;802.667;474.667;885.333;477.333;968;525.333;1048;600;1098.67;682.667;1098.67;762.667;1077.33;845.333;1026.67;922.667;952;978.667;869.333;1018.67;813.333;1010.67;733.333;1018.67;650.667;1017.33;570.667;1554.67;576;1568;669.333;1565.33;762.667;1605.33;858.667;1632;952;1626.67;1045.33;1578.67;1141.33;1490.67;1208;1394.67;1213.33;1301.33;1181.33;1208;1128;1117.33;1040;1058.67;946.667;1026.67;853.333;1013.33;757.333;1016;664;1017.33;570.103;999.298;336.842;1012.77;1172.21;586.105;985.825;1504.56;1122.81
2.13667;3.73244;2.02703;1.70541;13.3062;111.205;111.241;0.0922956;0.174943;0.103806;0.943159;0.396536;0.684807;0.685028;0.13588;0.0787429;0.058805;0.0665233;1.39754;0.190781;0.177894;0.189177;1.52568;0.444674;0.328548;1.1416;7.0304;0.557964;0.451311;1.14119;4;25;512;562.667;482.667;640;466.667;717.333;466.667;794.667;472;872;472;949.333;498.667;1026.67;570.667;1074.67;650.667;1082.67;728;1066.67;802.667;1018.67;880;962.667;957.333;904;1034.67;853.333;1072;784;1066.67;706.667;1081.33;629.333;1618.67;696;1610.67;746.667;1613.33;800;1608;853.333;1562.67;893.333;1512;922.667;1472;954.667;1421.33;957.333;1368;946.667;1320;922.667;1269.33;896;1216;861.333;1162.67;832;1128;784;1122.67;730.667;1096;677.333;1081.33;631.131;1111.58;312.14;1100.35;1143.02;687.158;994.807;1513.54;927.439
2.85311;2.67201;2.1542;0.517812;4.79155;53.6745;66.5442;0.112329;0.0975293;0.0971867;0.0989809;0.0996262;0.188222;0.233352;0.0805532;0.0238447;0.0369688;0.059887;1.11769;0.0757675;0.178977;0.140968;0.883549;0.338367;0.403141;0.586004;4.22481;0.478264;0.896054;0.601617;2;25;385;610;390;705;370;800;332.5;895;305;992.5;315;1087.5;357.5;1182.5;455;1240;550;1240;645;1220;742.5;1170;835;1092.5;895;997.5;925;900;937.5;805;962.5;710;961.25;615;1560;620;1565;725;1557.5;830;1577.5;937.5;1602.5;1042.5;1597.5;1150;1547.5;1252.5;1445;1325;1340;1340;1235;1315;1127.5;1250;1037.5;1145;975;1037.5;950;932.5;937.5;825;960;720;961.25;614.904;976.842;309.333;901.544;1206.81;500.632;1066.39;1385.89;1143.72
5.70713;4.69702;4.79351;0.0964882;12.0225;131.971;132.072;0.193159;0.149736;0.196078;0.0139396;0.216271;0.356661;0.356934;0.0814992;0.039072;0.0567676;0.0885296;0.936215;0.122708;0.210263;0.210429;0.250306;0.403017;0.134061;0.165102;1.78511;0.637669;0.292384;0.285157;3;25;469.333;402.667;458.667;512;429.333;621.333;373.333;730.667;346.667;840;360;949.333;405.333;1056;514.667;1133.33;624;1154.67;733.333;1133.33;842.667;1072;930.667;962.667;973.333;853.333;1010.67;744;1000;634.667;997.333;525.333;994.667;416;1493.33;426.667;1504;512;1546.67;600;1573.33;688;1573.33;776;1544;864;1472;949.333;1384;992;1296;1010.67;1208;1000;1120;941.333;1077.33;853.333;1058.67;765.333;1008;677.333;997.333;589.333;992;501.333;994.667;414.991;1003.79;128;1006.04;889.263;451.368;945.404;1461.89;799.439
4.52882;2.58918;4.35967;1.7705;2.66305;13.9017;37.3536;0.208689;0.117825;0.242424;0.443606;0.0744517;0.0803459;0.215888;0.0817512;0.04254;0.223148;0.0812725;1.35418;0.138096;0.696628;0.187946;0.40705;0.157344;0.893871;0.530758;2.18512;0.278079;1.1832;0.49972;3;25;600;594.667;597.333;658.667;589.333;728;581.333;797.333;573.333;866.667;584;922.667;648;970.667;712;1005.33;781.333;1008;850.667;1000;920;976;984;928;1037.33;880;1069.33;810.667;1080;741.333;1093.33;672;1093.33;605.333;1602.67;616;1610.67;680;1592;749.333;1562.67;821.333;1565.33;890.667;1568;962.667;1549.33;1032;1482.67;1085.33;1413.33;1093.33;1344;1072;1272;1024;1205.33;957.333;1144;885.333;1117.33;816;1104;744;1093.33;674.667;1093.33;605.006;1080.14;327.86;1080.14;1152;700.632;848.842;1500.07;992.561
4.08784;4.85502;4.0411;0.81392;9.67251;110.946;111.301;0.141534;0.162507;0.166432;0.145476;0.195168;0.33903;0.340112;0.207004;0.390003;0.133365;0.0834499;1.59049;0.455299;0.299713;0.179669;1.25334;0.745268;0.577681;0.260407;2.7874;0.586686;0.555711;0.321391;3;25;309.333;685.333;285.333;781.333;282.667;882.667;258.667;984;242.667;1085.33;245.333;1184;288;1280;376;1368;477.333;1373.33;576;1354.67;677.333;1285.33;778.667;1197.33;874.667;1096;954.667;997.333;1010.67;896;1005.33;794.667;1005.33;696;1677.33;706.667;1666.67;786.667;1677.33;872;1706.67;957.333;1725.33;1042.67;1714.67;1128;1653.33;1186.67;1568;1216;1482.67;1216;1397.33;1200;1312;1165.33;1226.67;1112;1141.33;1032;1082.67;946.667;1026.67;864;1005.33;778.667;1005.33;696.025;1003.79;318.877;1017.26;1138.53;503.018;1181.19;1524.77;1048.7
0.821345;0.293844;0.241546;0.0522978;1.62847;23.8859;24.3949;0.0334386;0.0114663;0.012012;0.00947748;0.0384346;0.101013;0.103166;0.044539;0.00524488;0.00923787;0.037939;0.630465;0.0472395;0.0464075;0.118967;0.221666;0.114071;0.126899;0.219372;0.886807;0.234164;0.16591;0.285704;1;25;402.031;638.062;394.25;723.656;412.406;811.844;438.344;900.031;422.781;988.219;417.594;1076.41;456.5;1136.06;531.719;1203.5;619.906;1216.47;705.5;1200.91;793.688;1159.41;881.875;1086.78;951.906;998.594;1001.19;910.406;1014.16;822.219;1014.16;734.031;1021.94;648.438;1615.91;664;1600.34;747;1571.81;830;1584.78;913;1602.94;996;1600.34;1079;1556.25;1162;1475.84;1203.5;1392.84;1203.5;1309.84;1180.16;1226.84;1133.47;1143.84;1063.44;1073.81;980.438;1042.69;897.438;1029.72;814.438;1029.72;731.438;1021.94;650.839;1009.71;328.936;1026.36;1190.83;537.123;1026.36;1509.36;1018.04
1.84884;1.69879;1.20321;0.495578;2.87727;38.7981;55.8692;0.0720011;0.0625778;0.0537313;0.10425;0.0658612;0.14832;0.21358;0.0463757;0.0439875;0.0468364;0.0267425;0.269046;0.128101;0.201408;0.0804749;0.30352;0.0335463;0.0865921;0.0774878;0.842421;0.117336;0.250232;0.211364;2;25;381.333;733.333;381.333;818.667;397.333;906.667;394.667;994.667;381.333;1082.67;416;1168;472;1253.33;546.667;1304;634.667;1304;722.667;1277.33;810.667;1218.67;893.333;1144;962.667;1064;1026.67;976;1053.33;890.667;1053.33;802.667;1053.33;717.333;1653.33;704;1669.33;781.333;1653.33;864;1629.33;946.667;1634.67;1029.33;1640;1112;1602.67;1189.33;1520;1242.67;1437.33;1250.67;1357.33;1234.67;1274.67;1192;1192;1125.33;1120;1042.67;1069.33;962.667;1053.33;880;1053.33;797.333;1053.33;718.001;1028.49;368.281;1037.47;1208.14;631.018;1140.77;1473.12;1100.35
4.98971;3.19866;3.7037;0.505045;5.3631;45.7556;61.8408;0.237214;0.146309;0.208696;0.122718;0.176023;0.349379;0.472202;0.0476826;0.00688428;0.0162806;0.0125065;0.43623;0.0730307;0.080371;0.0537515;0.986465;0.0392986;0.291365;0.878236;3.88586;0.140909;0.491342;0.671089;3;25;378.667;693.333;381.333;773.333;389.333;856;386.667;938.667;381.333;1021.33;408;1104;482.667;1181.33;557.333;1224;640;1224;720;1194.67;802.667;1141.33;885.333;1072;957.333;992;1010.67;909.333;1040;826.667;1029.33;744;1046.67;664;1632;637.333;1640;709.333;1656;781.333;1664;853.333;1658.67;925.333;1650.67;997.333;1610.67;1042.67;1538.67;1085.33;1464;1082.67;1392;1066.67;1320;1034.67;1248;984;1176;917.333;1122.67;850.667;1101.33;778.667;1064;712;1046.67;663.479;1015.02;204.351;1021.75;1295.72;606.316;1059.93;1569.68;898.246
0.965083;0.524732;0.535332;0.0106004;2.82539;34.2233;34.4953;0.0459536;0.0243474;0.0311526;0.002427;0.0762008;0.187771;0.189264;0.0231837;0.00543987;0.00905955;0.00629981;0.238182;0.0582849;0.0644338;0.0278898;0.404813;0.0132331;0.0618484;0.194672;1.70274;0.0718773;0.189512;0.312335;1;25;362.667;520;333.333;605.333;344;698.667;370.667;792;368;885.333;389.333;976;416;1066.67;504;1138.67;597.333;1154.67;690.667;1133.33;784;1085.33;872;997.333;946.667;904;1008;810.667;1024;717.333;1013.33;624;1021.33;532.283;1650.67;544;1664;624;1648;712;1610.67;800;1608;888;1608;976;1589.33;1064;1522.67;1114.67;1434.67;1133.33;1346.67;1109.33;1258.67;1053.33;1181.33;968;1122.67;880;1074.67;792;1056;704;1029.33;616;1021.33;530.667;1044.21;240.281;1006.04;1288.98;520.982;972.351;1533.75;949.895
2.40539;1.54449;2.39955;0.85506;4.8604;38.9376;44.9589;0.146559;0.0852689;0.178054;0.184414;0.176752;0.374514;0.432429;0.128737;0.0149275;0.00592001;0.0352943;1.08556;0.0573368;0.0239591;0.0766349;0.542621;0.199304;0.324448;0.169051;2.35233;0.380414;0.437843;0.227674;2;25;568;704;554.667;762.667;541.333;821.333;538.667;882.667;560;938.667;589.333;1000;640;1024;701.333;1034.67;760;1029.33;818.667;1029.33;856;970.667;906.667;917.333;960;869.333;1016;826.667;1024;765.333;1037.33;706.667;1064;664;1618.67;626.667;1618.67;696;1600;768;1562.67;837.333;1549.33;906.667;1541.33;976;1496;1045.33;1429.33;1088;1357.33;1096;1285.33;1080;1216;1053.33;1144;1013.33;1098.67;946.667;1072;874.667;1080;805.333;1090.67;733.333;1064;667.627;1048.7;336.842;1044.21;1342.88;675.93;830.877;1428.21;927.439
3.04668;2.47112;1.17978;1.29134;6.21687;38.9049;54.9939;0.130532;0.108607;0.0639269;0.300472;0.161276;0.201274;0.28451;0.0515912;0.0701117;0.0274595;0.0155334;0.462981;0.220402;0.161409;0.047605;0.0892659;0.113925;0.0891194;0.0807201;0.4892;0.285854;0.280375;0.195648;2;25;376;568;368;664;373.333;760;354.667;856;309.333;952;293.333;1048;312;1144;389.333;1216;488;1232;584;1205.33;674.667;1149.33;770.667;1080;866.667;1000;936;906.667;984;816;994.667;720;998.667;624;1608;677.333;1642.67;752;1672;837.333;1698.67;925.333;1686.46;997.053;1650.53;1059.93;1581.33;1104;1493.33;1133.33;1408;1125.33;1322.67;1112;1234.67;1080;1149.33;1045.33;1069.33;968;1034.67;882.667;1000;794.667;1002.67;709.333;998.667;623.09;1046.46;273.965;1024;1273.26;419.93;1035.23;1560.7;988.07
4.78138;0.323865;2.45098;2.12712;5.02825;63.8144;65.0613;0.192501;0.0125578;0.108696;0.65633;0.121239;0.289898;0.295563;0.102438;0.188784;0.088288;0.0452984;0.782176;0.335237;0.275561;0.113973;1.18628;0.137122;0.233325;0.439756;3.87886;0.17659;0.341664;0.459422;1;25;512;709.333;490.667;805.333;488;901.333;456;989.333;432;1088;466.667;1178.67;525.333;1274.67;621.333;1328;720;1328;816;1304;912;1261.33;1008;1197.33;1077.33;1101.33;1098.67;1008;1093.33;912;1090.67;816;1090.67;744;1618.67;778.667;1600;864;1581.33;949.333;1594.67;1032;1608;1120;1610.67;1205.33;1560;1285.33;1474.67;1320;1386.67;1312;1301.33;1285.33;1216;1234.67;1138.67;1149.33;1106.67;1061.33;1098.67;976;1093.33;890.667;1090.67;805.333;1090.67;745.435;1062.18;381.754;1057.68;1297.96;765.754;1253.05;1509.05;1163.23
2.28871;0.971133;1.28362;0.312485;0.506789;31.0605;39.435;0.0965652;0.0388804;0.0625931;0.0699051;0.0118828;0.151744;0.192657;0.059552;0.00300724;0.03383;0.0242614;0.488593;0.0170756;0.162924;0.0748811;0.419745;0.0265818;0.111064;0.0900236;1.47557;0.0525968;0.192425;0.254049;2;25;488;576;490.667;664;517.333;757.333;506.667;848;482.667;941.333;474.667;1032;512;1122.67;592;1194.67;685.333;1210.67;778.667;1181.33;869.333;1114.67;941.333;1021.33;986.667;930.667;1021.33;837.333;1037.33;746.667;1032;653.333;1032;562.667;1528;554.667;1517.33;640;1458.67;722.667;1490.67;805.333;1552;893.333;1573.33;981.333;1560;1072;1498.67;1152;1408;1176;1317.33;1154.67;1229.33;1098.67;1152;1008;1101.33;920;1058.67;829.333;1034.67;741.333;1032;650.667;1032;565.015;1017.26;276.211;1046.46;1194.67;617.544;1053.19;1486.6;1006.04
4.48553;2.99077;4.15493;1.16416;4.06878;45.4412;61.6622;0.197355;0.129196;0.223062;0.257422;0.102979;0.210536;0.285691;0.107292;0.0408999;0.017041;0.0775842;2.15038;0.13954;0.157211;0.269348;1.61776;0.490457;0.323227;1.24853;5.71981;0.478862;0.378591;0.818918;3;25;482.667;512;466.667;581.333;477.333;658.667;488;733.333;482.667;810.667;504;885.333;557.333;962.667;621.333;1008;698.667;1016;773.333;992;845.333;938.667;914.667;866.667;976;794.667;1037.33;722.667;1072;645.333;1072;570.667;1069.33;497.193;1632;482.667;1632;552;1592;618.667;1605.33;688;1602.67;760;1594.67;829.333;1541.33;890.667;1472;920;1400;917.333;1330.67;898.667;1261.33;861.333;1197.33;808;1136;744;1077.33;698.667;1074.67;634.667;1066.67;565.333;1069.33;496;1068.91;231.298;1102.6;1028.49;684.912;891.509;1506.81;759.018
1.86818;0.378864;0.835476;1.21434;0.0497957;12.0307;21.6038;0.0783082;0.0154642;0.0404355;0.316448;0.00115916;0.0520059;0.0933884;0.0241914;0.0134832;0.128297;0.0699693;0.371898;0.0989487;0.321985;0.15092;0.631655;0.0780807;0.295544;0.362721;2.44431;0.186305;0.459164;0.422754;1;25;480;474.667;498.667;560;474.667;648;442.667;736;434.667;824;453.333;906.667;514.667;992;592;1042.67;680;1056;765.333;1040;853.333;992;933.333;909.333;984;821.333;1026.67;736;1045.33;648;1037.33;560;1037.33;474.667;1586.67;477.333;1568;562.667;1562.67;650.667;1597.33;738.667;1626.67;824;1626.67;912;1586.67;1000;1506.67;1058.67;1418.67;1066.67;1330.67;1037.33;1245.33;986.667;1165.33;904;1109.33;816;1072;730.667;1048;648;1037.33;560;1037.33;475.675;1044.21;206.596;1030.74;1080.14;657.965;943.158;1488.84;913.965
2.63492;1.26059;0.65445;0.606137;6.61957;96.6384;110.212;0.110794;0.0476868;0.0342466;0.0827519;0.145093;0.347462;0.396265;0.0783606;0.0275807;0.0306689;0.0551617;1.3567;0.141832;0.177141;0.187469;1.76995;0.149683;0.516104;1.0666;4.77936;0.294319;0.461246;0.844528;2;25;362.667;685.333;368;784;357.333;882.667;330.667;981.333;328;1082.67;352;1181.33;397.333;1280;496;1330.67;597.333;1338.67;696;1320;794.667;1280;893.333;1213.33;978.667;1114.67;1016;1016;1037.33;917.333;1058.67;818.667;1057.33;733.333;1634.67;781.333;1605.33;864;1626.67;949.333;1661.33;1032;1669.33;1117.33;1642.67;1202.67;1573.33;1280;1488;1296;1402.67;1282.67;1320;1248;1234.67;1197.33;1152;1120;1080;1034.67;1034.67;970.667;1037.33;888;1056;802.667;1057.33;737.802;1015.02;410.947;1032.98;1268.77;574.877;1077.89;1542.74;1055.44
1.84587;0.607461;1.72414;1.11668;0.610617;1.31825;15.5659;0.0936177;0.028948;0.102719;0.265904;0.0224208;0.0126391;0.149243;0.130449;0.0454607;0.059168;0.0361694;0.722587;0.177139;0.208738;0.0823704;0.657961;0.20275;0.247376;0.408342;3.15734;0.295024;0.363603;0.406426;2;25;472;728;469.333;797.333;464;866.667;450.667;936;455.86;997.053;474.667;1056;538.667;1114.67;608;1141.33;680;1146.67;749.333;1133.33;818.667;1106.67;890.667;1061.33;960;1002.67;1005.33;933.333;1018.67;861.333;1040;792;1065.33;722.667;1621.33;720;1608;789.333;1613.33;858.667;1629.33;928;1637.33;997.333;1621.33;1066.67;1568;1136;1498.67;1168;1426.67;1173.33;1357.33;1157.33;1288;1120;1218.67;1061.33;1165.33;1000;1117.33;930.667;1082.67;861.333;1090.67;792;1065.33;723.869;1068.91;231.298;1044.21;1338.39;597.333;936.421;1511.3;1012.77
2.8121;2.24399;1.04439;1.1996;3.36729;11.5112;67.2883;0.0993225;0.0812479;0.0418848;0.446894;0.0845567;0.0574162;0.335624;0.12943;0.0250665;0.0231141;0.033478;1.16594;0.10606;0.0886906;0.156939;0.940247;0.0633316;0.217381;0.451383;3.62797;0.150317;0.426217;0.540799;2;25;488;728;458.667;800;418.667;874.667;394.667;946.667;394.667;1021.33;437.333;1096;506.667;1157.33;581.333;1178.67;656;1168;728;1136;797.333;1090.67;869.333;1037.33;941.333;986.667;1000;917.333;1045.33;845.333;1048;770.667;1060;698.667;1613.33;666.667;1594.67;746.667;1594.67;829.333;1616;912;1634.67;994.667;1650.67;1074.67;1632;1157.33;1565.33;1229.33;1482.67;1256;1402.67;1234.67;1320;1173.33;1250.67;1093.33;1194.67;1010.67;1146.67;936;1106.67;853.333;1072;770.667;1060;696.985;1068.91;267.228;1059.93;1127.3;653.474;1107.09;1574.18;1143.02
2.51083;1.64364;2.08914;0.445498;3.60156;29.5219;35.2059;0.108496;0.0652045;0.102389;0.0927439;0.0873773;0.126915;0.151351;0.0318944;0.0621869;0.0129478;0.024467;0.804558;0.154678;0.0792235;0.0960727;0.199119;0.197132;0.10846;0.0814501;1.38016;0.280606;0.179606;0.174733;2;25;485.333;626.667;490.667;701.333;480;776;466.667;850.667;482.667;922.667;514.667;997.333;589.333;1061.33;664;1088;738.667;1093.33;813.333;1077.33;888;1048;962.667;989.333;994.667;914.667;1013.33;840;1029.33;765.333;1021.33;690.667;1021.33;618.667;1592;610.667;1589.33;690.667;1554.67;773.333;1560;856;1570.67;936;1554.67;1018.67;1498.67;1101.33;1424;1138.67;1341.33;1146.67;1258.67;1130.67;1178.67;1093.33;1098.67;1024;1053.33;941.333;1034.67;861.333;1026.67;778.667;1021.33;696;1021.33;618.913;1041.96;307.649;990.316;1113.82;669.193;931.93;1369.82;999.298
0.677344;0.587874;0.592105;0.00423107;3.01088;30.5371;30.8091;0.0285065;0.0244392;0.0280811;0.00142507;0.0752401;0.145009;0.146301;0.0826546;0.0265498;0.0526982;0.00692182;0.437536;0.117112;0.145125;0.0307216;0.530942;0.0474254;0.116146;0.113854;1.71514;0.192007;0.162234;0.30309;1;25;497.25;616.688;470.438;689.812;468;767.812;450.938;843.375;433.875;921.375;455.684;991.421;504.562;1055.44;575.25;1101.75;653.25;1109.06;728.812;1089.56;804.375;1060.31;882.375;1009.12;948.188;936;965.25;858;970.125;782.438;960.375;704.438;960.375;628.875;1416.19;643.5;1435.69;711.75;1418.62;784.875;1435.69;858;1430.68;927.789;1414.26;991.421;1379.37;1053;1313.81;1084.69;1240.69;1092;1167.56;1077.38;1094.44;1045.69;1021.31;992.062;975;918.938;965.25;845.812;970.125;772.688;960.375;699.562;960.375;629.804;970.895;351;942.158;1131;624;1018.11;1307.53;999.632
1.1956;0.676099;1.16995;0.493851;0.824291;10.2851;34.014;0.0585634;0.0315519;0.066087;0.132579;0.0236867;0.0666941;0.220564;0.243473;0.125605;0.399797;0.0999965;2.08456;0.299789;0.689961;0.234578;1.13328;0.18044;0.748828;0.152044;2.18575;0.320016;0.812747;0.263872;2;25;428.375;686.797;447;754.312;465.625;821.828;444.672;891.672;430.703;956.859;442.344;1026.7;493.562;1094.22;558.75;1138.45;628.594;1143.11;698.438;1122.16;768.281;1070.94;821.828;1003.42;861.406;933.578;903.312;873.047;905.641;803.203;907.969;733.359;907.969;668.172;1334.02;651.875;1322.38;719.391;1310.73;789.234;1320.05;856.75;1334.02;926.594;1327.03;996.438;1296.77;1063.95;1231.58;1108.19;1161.73;1122.16;1094.22;1110.52;1024.38;1073.27;966.172;1010.41;928.922;940.562;903.312;870.719;905.641;803.203;907.969;733.359;907.969;668.779;885.193;407.105;891.456;1254.72;544.895;1027.16;1233.84;987.491
4.28428;0.716605;0.0702247;0.78683;4.68939;30.8329;37.7166;0.186853;0.031493;0.00353982;0.269839;0.149763;0.230422;0.281866;0.0348181;0.0116658;0.175349;0.067101;0.530436;0.044887;0.338645;0.109712;0.240276;0.264278;0.411559;0.325383;2.0722;0.314918;0.540338;0.424993;2;25;474.667;693.333;464;749.333;485.333;810.667;501.333;872;474.667;930.667;469.333;992;485.333;1050.67;541.333;1106.67;602.667;1125.33;664;1109.33;725.333;1077.33;784;1034.67;845.333;984;904;933.333;941.333;872;944;810.667;952;752;1474.67;813.333;1445.33;861.333;1414.74;893.754;1428.21;965.614;1408;1012.77;1392;1058.67;1341.33;1088;1288;1101.33;1234.67;1098.67;1186.67;1077.33;1133.33;1042.67;1082.67;1002.67;1029.33;954.667;986.667;906.667;960;856;960;802.667;952;750.671;988.07;386.246;925.193;1185.68;556.912;1019.51;1282.25;1021.75
2.51115;1.52129;0.391645;1.12964;1.51496;8.95134;51.6992;0.0869026;0.054244;0.0147059;0.799246;0.032561;0.0359858;0.207839;0.0705322;0.0102781;0.0656744;0.0194975;0.447724;0.0778332;0.242014;0.0644204;0.433167;0.147693;0.21481;0.117287;1.67345;0.276815;0.403193;0.224374;2;25;605.333;658.667;600;749.333;570.667;842.667;541.333;936;530.667;1029.33;546.667;1120;600;1210.67;693.333;1269.33;794.947;1282.25;877.333;1272;970.667;1221.33;1040;1128;1069.33;1034.67;1085.33;941.333;1088;848;1098.67;754.667;1098.67;661.28;1549.33;664;1536;760;1546.67;856;1578.67;952;1600;1048;1602.67;1144;1573.33;1240;1493.33;1317.33;1397.33;1333.33;1301.33;1304;1205.33;1237.33;1136;1141.33;1104;1045.33;1093.33;949.333;1088;853.333;1098.67;757.333;1098.67;661.333;1066.67;343.579;1073.4;1203.65;725.333;1253.05;1493.33;1266.53
3.18398;2.29523;2.37154;0.0763137;2.50494;0.594948;57.9062;0.143608;0.0938891;0.122137;0.0151742;0.0620032;0.0030091;0.292876;0.0124532;0.00157023;0.0324633;0.028525;0.254842;0.033718;0.156046;0.0837862;1.31587;0.0363743;0.19308;0.61989;3.99227;0.15753;0.382043;0.542088;2;25;365.333;610.667;338.667;709.333;378.667;813.333;378.667;917.333;357.333;1021.33;373.333;1125.33;421.333;1229.33;512;1309.33;616;1330.67;720;1314.67;824;1256;912;1157.33;968;1053.33;1010.67;949.333;1037.33;845.333;1045.33;741.333;1045.33;640;1656;666.667;1661.33;776;1618.67;885.333;1629.33;997.333;1669.33;1106.67;1677.33;1216;1637.33;1328;1538.67;1410.67;1429.33;1434.67;1320;1397.33;1216;1301.33;1144;1189.33;1090.67;1080;1058.67;970.667;1037.33;858.667;1045.33;749.333;1045.33;640.186;1024;271.719;1006.04;1408;586.105;1100.35;1558.46;1208.14
3.54997;1.18285;3.54523;2.36238;2.55498;5.50499;29.7842;0.135658;0.0465312;0.15847;0.774823;0.053533;0.0201312;0.108918;0.0292903;0.0323214;0.0725347;0.0408413;0.35753;0.108695;0.247199;0.100528;0.292282;0.0487218;0.354573;0.168129;2.06274;0.109915;0.466468;0.253335;2;25;454.026;350.031;438.807;438.807;441.344;530.12;448.953;618.896;431.198;710.208;410.906;798.984;431.198;890.297;492.073;971.464;583.385;996.828;669.625;966.391;760.938;887.76;826.885;798.984;877.615;710.208;915.661;621.432;953.708;530.12;971.464;443.88;972.732;355.865;1521.88;362.714;1534.56;446.417;1524.41;530.12;1514.27;613.823;1521.88;700.062;1524.41;783.766;1493.97;867.469;1415.34;941.026;1331.64;958.781;1253.01;928.344;1166.77;857.323;1098.29;773.62;1047.56;692.453;1006.97;606.214;968.927;522.51;974;438.807;972.732;355.104;964.912;175.614;953.333;964.912;540.351;937.895;1395.26;825.965
5.22023;4.55691;4.70822;0.151312;10.8807;74.2295;92.0753;0.186938;0.170032;0.187583;0.0889643;0.273193;0.369124;0.457867;0.156638;0.41294;0.0642318;0.0542831;1.83298;0.460383;0.189186;0.158876;0.384412;0.805866;0.318126;0.157403;1.77232;0.649453;0.428444;0.276928;3;25;445.333;717.333;440;784;410.667;850.667;400;920;410.947;979.088;437.333;1034.67;504;1088;573.333;1122.67;640;1130.67;706.667;1112;776;1072;832;1008;874.667;938.667;906.667;872;936;802.667;954.667;736;956;670.818;1466.67;624;1466.67;714.667;1461.33;805.333;1450.67;896;1464;986.667;1469.33;1077.33;1456;1168;1405.33;1253.33;1312;1285.33;1221.33;1269.33;1130.67;1213.33;1058.67;1122.67;1024;1032;1000;941.333;976;850.667;957.333;760;956;669.333;981.333;300.912;913.965;1147.51;534.456;1071.16;1351.86;1230.6
3.02857;2.1365;2.73437;0.597876;1.60244;1.30914;44.6866;0.121862;0.0864347;0.12844;0.174358;0.0393264;0.00630543;0.215232;0.0788565;0.196796;0.106009;0.0899163;0.833505;0.351587;0.296881;0.185134;0.552835;0.293492;0.319248;0.2337;2.19435;0.382864;0.450595;0.226418;2;25;482.667;696;485.333;776;501.333;856;474.667;936;466.667;1016;474.667;1096;506.667;1178.67;586.667;1224;666.667;1232;746.667;1208;826.667;1170.67;906.667;1109.33;962.667;1029.33;1000;949.333;1029.33;869.333;1026.67;789.333;1042.67;710.539;1600;725.333;1594.67;805.333;1568;888;1530.67;970.667;1549.33;1053.33;1557.33;1136;1536;1216;1469.33;1290.67;1386.67;1304;1306.67;1261.33;1224;1194.67;1152;1114.67;1104;1037.33;1082.67;954.667;1053.33;872;1058.67;789.333;1042.67;709.333;1064.42;417.684;1010.53;1280;601.825;1104.84;1482.11;1199.16
1.97831;1.17458;1.92308;0.748495;4.71345;57.7279;57.9102;0.0902263;0.0531602;0.105263;0.195639;0.120825;0.276512;0.277385;0.0534548;0.0163533;0.0989124;0.0287611;0.522886;0.101721;0.303639;0.0721755;0.291815;0.0347693;0.28613;0.16622;1.0141;0.139081;0.387224;0.249855;2;25;368;610.667;384;688;400;773.333;405.333;858.667;392;941.333;402.667;1026.67;466.667;1109.33;546.667;1146.67;632;1146.67;717.333;1128;800;1090.67;885.333;1034.67;949.333;970.667;1002.67;888;1008;813.333;997.333;728;997.333;661.605;1517.33;704;1514.67;768;1562.67;842.667;1581.33;914.667;1581.33;989.333;1546.67;1058.67;1474.67;1104;1402.67;1109.33;1328;1104;1256;1082.67;1181.33;1050.67;1109.33;1005.33;1045.33;936;1013.33;864;1008;789.333;997.333;717.333;997.333;656;1003.79;381.754;983.579;1228.35;601.825;1032.98;1421.47;967.86
3.31958;1.06704;2.43468;1.36764;0.144086;5.14318;36.253;0.112353;0.0382411;0.0972716;0.476003;0.00309893;0.0191419;0.134927;0.082443;0.0312541;0.226157;0.198732;1.30777;0.105882;0.443024;0.28302;0.2458;0.104217;0.444918;0.441622;1.9819;0.231406;0.558067;0.427082;2;25;454.938;491.542;439.25;577.823;447.094;666.719;405.26;758.229;376.5;847.125;379.115;938.635;420.948;1027.53;491.542;1087.67;580.438;1100.74;666.719;1071.98;758.229;1030.15;841.896;956.938;917.719;870.656;970.01;784.375;993.542;692.865;988.312;603.969;998.771;517.688;1592.28;546.448;1594.9;635.344;1576.59;724.24;1594.9;813.135;1621.04;902.031;1621.04;990.927;1576.59;1079.82;1492.93;1134.73;1406.65;1126.89;1317.75;1095.51;1228.85;1035.38;1139.96;954.323;1077.21;870.656;1019.69;781.76;1004;692.865;1009.23;603.969;998.771;517.37;1033.53;194.894;960.69;1023.69;478.376;984.314;1513.87;1065.03
5.05452;1.9601;3.22384;1.26374;1.47038;3.87624;36.4506;0.234141;0.0827808;0.183074;0.208237;0.0367856;0.0199074;0.187201;0.217365;0.136857;0.299439;0.398428;1.75342;0.293463;0.529175;0.498216;0.52584;0.24836;0.830583;0.967066;1.58767;0.324478;0.993404;0.761217;2;25;568;528;552;616;520;701.333;498.667;789.333;485.333;880;500.772;952.14;532.211;1001.54;605.333;1064;693.333;1077.33;781.333;1064;872;1040;960;981.333;1032;893.333;1066.67;802.667;1064;714.667;1061.33;626.667;1060;538.667;1549.33;552;1562.67;637.333;1557.33;722.667;1581.33;808;1618.67;896;1629.33;981.333;1600;1066.67;1520;1136;1434.67;1149.33;1352;1120;1264;1048;1186.67;968;1128;882.667;1082.67;794.667;1064;709.333;1058.67;624;1060;540.037;1059.93;240.281;1080.14;1163.23;671.439;830.877;1592.14;949.895
2.31818;1.00822;2.31579;1.30757;0.191259;1.20815;25.9398;0.120424;0.0487378;0.152778;0.23651;0.00503909;0.00631739;0.135639;0.0206242;0.0903368;0.00222375;0.00547621;0.168959;0.197245;0.0296984;0.0256295;0.472058;0.244939;0.121668;0.38062;2.28381;0.318374;0.241416;0.451526;2;25;424;509.333;389.333;605.333;408;706.667;378.667;810.667;370.526;907.228;417.684;994.807;448;1045.33;552;1098.67;653.333;1106.67;754.667;1090.67;837.614;1044.21;927.439;992.561;1010.67;930.667;1053.33;832;1050.67;728;1042.67;626.667;1042.67;525.333;1669.33;544;1698.67;640;1688;738.667;1669.33;834.667;1674.67;933.333;1664;1032;1624;1104;1525.33;1146.67;1426.67;1146.67;1330.67;1125.33;1232;1088;1138.67;1008;1069.33;914.667;1053.33;816;1048;720;1042.67;621.333;1042.67;526.229;1055.44;247.018;1010.53;1313.68;547.93;844.351;1558.46;943.158
1.03989;0.944883;0.992556;0.0476728;3.73952;42.5677;42.5677;0.0553938;0.0485549;0.0653061;0.0111866;0.126036;0.354184;0.354184;0.0501306;0.0168367;0.0421443;0.0228939;0.255308;0.0637396;0.18478;0.0577827;0.350831;0.095156;0.141455;0.326823;2.55891;0.141569;0.293177;0.421776;2;25;442.667;576;445.333;645.333;464;714.667;491.789;770.246;482.807;837.614;503.018;902.737;520;949.333;589.333;986.667;658.667;1000;728;992;797.333;970.667;866.667;917.333;922.667;861.333;952;792;973.333;722.667;992;653.333;1014.67;586.667;1538.67;597.333;1538.67;645.333;1517.33;693.333;1480;741.333;1450.67;786.667;1437.19;875.789;1410.25;929.684;1338.39;961.123;1219.37;954.386;1181.19;882.526;1125.05;815.158;1113.82;756.772;1095.86;709.614;1068.91;693.895;1064.42;660.211;1037.33;616;1014.67;586.97;994.807;278.456;990.316;1183.44;601.825;846.596;1399.02;810.667
4.73704;3.80023;4.45545;0.655216;10.3685;88.6531;89.8691;0.190745;0.152859;0.198347;0.273217;0.252999;0.422969;0.428771;0.0606031;0.00169305;0.00597285;0.0183937;0.661398;0.0208288;0.056049;0.0813952;0.588322;0.208996;0.107436;0.231362;2.0443;0.322268;0.242138;0.284842;3;25;597.333;552;570.667;648;586.667;746.667;586.667;845.333;570.667;941.333;570.667;1040;586.667;1138.67;642.667;1234.67;736;1269.33;834.667;1253.33;930.667;1189.33;1016;1090.67;1074.67;992;1120;896;1144;797.333;1152;698.667;1161.33;602.667;1741.33;653.333;1717.33;728;1670.74;768;1655.02;848.842;1643.79;916.211;1657.26;997.053;1632;1064;1554.67;1120;1477.33;1130.67;1402.67;1109.33;1325.33;1061.33;1258.67;986.667;1213.33;909.333;1184;832;1165.33;754.667;1170.67;677.333;1161.33;601.794;1136.28;298.667;1163.23;1205.89;785.965;1194.67;1544.98;1032.98
1.82439;1.26577;1.73077;0.464999;2.74185;21.0618;42.9578;0.0669526;0.0447187;0.0711462;0.116886;0.0589976;0.0803135;0.163808;0.166343;0.0289595;0.186718;0.185678;1.81582;0.135513;0.515214;0.354944;0.828336;0.0535325;0.359184;0.384008;1.6567;0.176583;0.567816;0.473207;2;25;472;632;477.333;725.333;458.667;818.667;440;912;437.333;1005.33;469.333;1096;533.333;1192;626.667;1248;720;1261.33;813.333;1248;906.667;1197.33;973.333;1104;994.667;1010.67;1002.67;917.333;997.333;824;986.667;730.667;986.667;640;1538.67;645.333;1512;744;1528;842.667;1560;941.333;1578.67;1040;1560;1138.67;1501.33;1240;1402.67;1296;1304;1304;1205.33;1280;1106.67;1229.33;1032;1130.67;1005.33;1032;1002.67;933.333;997.333;834.667;986.667;736;986.667;638.276;1001.54;291.93;983.579;1167.72;581.614;1113.82;1441.68;1174.46
2.39515;1.2687;1.66256;0.393863;5.8356;73.0159;73.8331;0.115364;0.0540268;0.0994475;0.0582225;0.133874;0.296853;0.300175;0.152435;0.0314601;0.00507624;0.076086;1.35037;0.101649;0.0260718;0.137569;1.77585;0.154831;0.157058;0.833231;5.00421;0.190246;0.237677;0.643645;2;25;448.5;516.75;436.312;587.438;404.625;660.562;387.562;731.25;385.125;804.375;409.5;872.625;468;940.875;536.25;970.125;606.938;955.5;680.062;926.25;750.75;887.25;823.875;828.75;887.25;767.812;884.812;694.688;884.812;624;921.375;550.875;915.281;480.188;1423.5;441.188;1438.12;519.188;1443;604.5;1450.31;687.375;1457.62;772.688;1433.25;855.562;1406.44;940.875;1328.44;996.938;1243.12;1009.12;1160.25;996.938;1074.94;960.375;992.062;899.438;926.25;814.125;884.812;731.25;884.812;645.938;909.188;563.062;915.281;480.844;920.842;267.158;898.105;1036.42;517.263;756;1271.37;807.158
1.80673;0.41126;0.483559;0.894819;0.0427806;3.99298;27.5377;0.0834121;0.0176824;0.0251889;0.220351;0.00120758;0.0244668;0.168736;0.0575082;0.00863104;0.13603;0.0480439;0.87278;0.0512297;0.435048;0.126441;0.185008;0.11279;0.530175;0.156325;2.00503;0.316354;0.877172;0.251756;1;25;442.667;648;429.333;744;440;840;437.333;936;424;1032;450.667;1128;514.667;1221.33;610.667;1261.33;706.667;1258.67;802.667;1221.33;898.667;1165.33;992;1077.33;1061.33;989.333;1069.33;893.333;1080;797.333;1066.67;701.333;1073.33;605.333;1672;565.333;1693.33;658.667;1693.33;754.667;1693.33;850.667;1696;949.333;1688;1045.33;1658.67;1141.33;1578.67;1224;1482.67;1245.33;1386.67;1224;1288;1176;1194.67;1088;1133.33;992;1104;893.333;1093.33;797.333;1080;701.333;1073.33;605.921;1028.49;175.158;1084.63;1336.14;604.07;1055.44;1533.75;1077.89
5.19458;1.91445;5.17928;3.26483;1.04134;5.09061;43.4499;0.217539;0.0741792;0.239631;0.778272;0.0253253;0.0254273;0.21703;0.0369142;0.0747462;0.649425;0.229674;0.751118;0.224823;0.998657;0.25414;0.469233;0.260733;0.862386;0.771223;2.16891;0.454884;1.187;0.579351;3;25;477.333;666.667;480;773.333;474.667;882.667;442.667;992;418.667;1101.33;424;1210.67;480;1320;589.333;1389.33;698.667;1402.67;805.333;1378.67;914.667;1317.33;1010.67;1216;1061.33;1106.67;1096;1016;1096;906.667;1082.67;797.333;1084;698.667;1672;730.667;1669.33;840;1658.67;952;1666.67;1064;1698.67;1173.33;1706.67;1285.33;1666.67;1397.33;1565.33;1477.33;1453.33;1485.33;1341.33;1442.67;1232;1357.33;1154.67;1245.33;1114.67;1133.33;1098.67;1024;1096;912;1085.33;800;1084;699.185;1071.16;282.947;1077.89;1410.25;624.281;1140.77;1536;1374.32
2.91539;0.343292;0.438596;0.781889;3.15777;47.9563;48.0777;0.136055;0.014869;0.0246046;0.148592;0.0744545;0.213345;0.213886;0.0784347;0.0105818;0.0686296;0.108736;0.906206;0.0575046;0.190635;0.210803;1.35107;0.0160428;0.240369;0.667499;4.39861;0.0501811;0.315468;0.642851;1;25;533.333;597.333;522.667;685.333;544;778.667;546.667;872;525.333;965.333;530.667;1056;576;1149.33;664;1210.67;757.333;1213.33;848;1189.33;941.333;1141.33;1034.67;1074.67;1101.33;981.333;1130.67;890.667;1125.33;797.333;1117.33;704;1116;613.333;1632;629.333;1626.67;714.667;1608;800;1610.67;885.333;1637.33;973.333;1637.33;1058.67;1605.33;1144;1522.67;1202.67;1437.33;1192;1352;1162.67;1264;1109.33;1186.67;1040;1128;957.333;1130.67;869.333;1122.67;784;1114.67;698.667;1116;614.315;1084.63;384;1149.75;1280;711.86;1015.02;1560.7;1030.74
3.84269;3.15119;3.63128;0.480097;6.04599;70.9582;88.383;0.174735;0.124483;0.207171;0.061659;0.146415;0.326601;0.406802;0.16528;0.224921;0.283532;0.251793;1.77831;0.411633;0.496012;0.36764;0.699883;0.292754;1.0487;0.516013;3.23323;0.417513;1.0426;0.505056;3;25;544;661.333;528;728;504;797.333;477.333;866.667;458.667;936;456;1005.33;509.333;1061.33;578.667;1080;648;1069.33;717.333;1050.67;786.667;1010.67;853.333;962.667;920;898.667;968;832;1018.67;762.667;1072;693.333;1074.67;626.667;1624;597.333;1640;674.667;1650.67;757.333;1642.67;840;1642.67;922.667;1648;1005.33;1632;1085.33;1568;1157.33;1488;1181.33;1405.33;1157.33;1322.67;1106.67;1245.33;1037.33;1176;954.667;1117.33;872;1077.33;789.333;1077.33;706.667;1074.67;629.886;1026.25;316.632;1015.02;1120.56;619.789;821.895;1473.12;938.667
2.70555;2.1393;1.69014;0.449156;2.43667;12.3621;38.7762;0.102746;0.0780479;0.0769231;0.0825925;0.0532185;0.0489378;0.153503;0.104451;0.00448685;0.137181;0.122541;1.25681;0.057337;0.419833;0.267859;0.210827;0.024057;0.199136;0.193886;0.777562;0.0682056;0.357946;0.310705;2;25;552;546.667;538.667;624;549.333;706.667;520;789.333;490.667;874.667;488;957.333;520;1040;602.667;1077.33;688;1080;770.667;1056;853.333;1018.67;936;962.667;1016;880;1048;797.333;1066.67;717.333;1056;634.667;1057.33;553.184;1560;560;1560;645.333;1541.33;730.667;1578.67;816;1613.33;904;1618.67;989.333;1586.67;1074.67;1509.33;1141.33;1424;1146.67;1338.67;1117.33;1250.67;1058.67;1165.33;981.333;1101.33;896;1072;808;1066.67;722.667;1058.67;637.333;1057.33;552;1041.96;242.526;1039.72;1039.72;613.053;916.211;1538.25;970.105
1.87866;0.627765;1.79558;1.16781;1.73608;24.1755;55.45;0.0687274;0.0221891;0.0760234;0.249919;0.0439562;0.128333;0.29435;0.160823;0.0319761;0.147158;0.0630501;0.981689;0.122164;0.33219;0.113221;0.630592;0.0782758;0.532287;0.316972;2.1664;0.179303;0.631476;0.413629;1;25;618.667;728;624;800;610.667;874.667;584;949.333;560;1026.67;562.667;1101.33;586.667;1176;650.667;1226.67;725.333;1237.33;800;1218.67;872;1168;944;1096;1002.67;1026.67;1058.67;949.333;1093.33;874.667;1120;800;1120;725.333;1554.67;725.333;1530.67;797.333;1541.33;869.333;1584;941.333;1605.33;1016;1605.33;1088;1573.33;1160;1504;1210.67;1432;1213.33;1362.67;1186.67;1288;1141.33;1216;1077.33;1168;1013.33;1141.33;938.667;1122.67;869.333;1120;797.333;1120;726.928;1100.35;307.649;1122.81;1120.56;662.456;1104.84;1556.21;1046.46
1.12118;0.539723;0.821596;1.36132;3.79832;52.6372;57.5257;0.0391873;0.019084;0.0309735;0.775446;0.087557;0.230906;0.252351;0.0740938;0.00459806;0.00708793;0.0205364;0.725833;0.0339599;0.0439475;0.0952406;0.588958;0.0110233;0.196296;0.402301;2.60525;0.045233;0.258923;0.534493;2;25;462.578;540.078;435.938;634.531;445.625;731.406;440.781;825.859;431.094;922.734;443.203;1019.61;477.109;1104.38;557.031;1186.72;653.906;1179.45;748.359;1193.98;845.234;1145.55;937.266;1063.2;985.703;966.328;1000.23;869.453;1005.08;775;1000.23;678.125;999.023;583.672;1482.19;627.266;1482.19;714.453;1465.23;801.641;1472.5;888.828;1491.88;978.438;1496.72;1065.62;1453.12;1150.39;1370.78;1206.09;1281.17;1208.52;1193.98;1174.61;1106.8;1109.22;1053.52;1022.03;1024.45;932.422;1009.92;845.234;1002.66;758.047;997.812;670.859;999.023;585.879;1000.73;194.702;981.883;1086.56;632.257;1155.65;1396.41;1126.34
3.03174;1.96092;2.80055;0.839626;7.21516;54.5493;61.8861;0.126596;0.0807441;0.135091;0.236199;0.188446;0.269524;0.305775;0.0951554;0.0396207;0.081593;0.0921653;1.49394;0.161122;0.231902;0.259766;0.244537;0.0975854;0.343949;0.192125;1.44341;0.266135;0.460243;0.291052;2;25;461.333;818.667;448;885.333;442.386;945.404;449.123;1012.77;456;1064;493.333;1130.67;562.667;1184;629.333;1197.33;696;1189.33;760;1160;826.667;1125.33;896;1080;952;1016;986.667;949.333;1000;882.667;1000;816;1006.67;749.333;1552;682.667;1554.67;762.667;1546.67;842.667;1544;922.667;1552;1005.33;1557.33;1085.33;1536;1165.33;1477.33;1229.33;1394.67;1261.33;1317.33;1245.33;1237.33;1202.67;1157.33;1141.33;1080;1064;1034.67;989.333;1008;909.333;1013.33;829.333;1006.67;750.625;1010.53;431.158;999.298;1253.05;635.509;1066.67;1423.72;1158.74
1.00049;0.655428;0.625;0.0304276;0.0562706;9.67079;29.45;0.0494807;0.0309827;0.0387097;0.00607483;0.00195035;0.0902859;0.274943;0.0886798;0.0992844;0.141402;0.0409957;1.23547;0.27187;0.367134;0.122593;0.198804;0.282761;0.522478;0.167007;1.62768;0.449894;0.805225;0.27069;1;25;456;682.667;453.333;749.333;426.667;818.667;408;888;408;960;429.333;1029.33;480;1098.67;552;1120;621.333;1122.67;690.667;1101.33;757.333;1061.33;824;994.667;888;925.333;941.333;853.333;978.667;786.667;1010.67;717.333;1030.67;647.669;1589.33;613.333;1549.33;680;1541.33;749.333;1576;818.667;1602.67;888;1605.33;957.333;1578.67;1026.67;1517.33;1085.33;1448;1093.33;1378.67;1072;1309.33;1032;1240;968;1173.33;904;1114.67;848;1072;781.333;1050.67;712;1030.67;648;1008.28;197.614;1021.75;1275.51;500.772;907.228;1549.47;880.281
3.36496;0.952958;1.50485;0.551897;2.141;29.8751;31.9929;0.162493;0.0453041;0.0832215;0.186946;0.0577275;0.173995;0.186329;0.0676998;0.0105538;0.112036;0.025149;0.668755;0.0850794;0.278686;0.0668842;0.942257;0.0463324;0.461069;0.220577;2.67158;0.220497;0.557994;0.262146;2;25;440;485.333;421.333;586.667;437.333;690.667;458.667;794.667;458.667;898.667;466.667;1002.67;504;1104;594.667;1178.67;698.667;1186.67;802.667;1154.67;906.667;1096;997.333;1000;1066.67;896;1106.67;797.333;1106.67;693.333;1085.33;589.333;1105.33;487.961;1706.67;490.667;1746.67;573.333;1725.33;672;1720;768;1744;866.667;1760;962.667;1741.33;1061.33;1658.67;1133.33;1560;1144;1461.33;1112;1365.33;1048;1266.67;970.667;1200;877.333;1165.33;778.667;1144;682.667;1125.33;584;1105.33;488;1093.61;195.368;1140.77;1351.86;702.877;1066.67;1623.58;997.053
5.78423;1.69595;4.47674;2.7808;1.05285;12.1454;36.7268;0.213089;0.0661008;0.203974;0.749679;0.0220565;0.0411775;0.124518;0.165854;0.131707;0.202604;0.0515675;1.48591;0.286108;0.553688;0.155872;0.963083;0.266217;0.562516;0.25357;1.83409;0.351995;0.74333;0.333378;2;25;357.333;517.333;328;621.333;346.667;728;304;834.667;282.667;941.333;296;1048;354.667;1157.33;458.667;1208;565.333;1208;672;1184;773.333;1128;874.667;1061.33;965.333;962.667;1016;856;1040;749.333;1042.67;642.667;1042.67;536;1749.33;554.667;1768;664;1773.33;773.333;1786.67;882.667;1805.33;992;1786.67;1098.67;1746.67;1202.67;1653.33;1266.67;1544;1274.67;1434.67;1242.67;1325.33;1181.33;1216;1082.67;1141.33;973.333;1093.33;864;1053.33;754.667;1042.67;645.333;1042.67;535.563;1091.37;253.754;1039.72;1219.37;413.193;1015.02;1628.07;1187.93
0.770777;0.297212;0.142045;0.155167;0.5579;1.94197;15.1759;0.0372425;0.012808;0.00758534;0.0346445;0.016332;0.0127017;0.0992592;0.0230257;0.001618;0.00979815;0.0192708;0.311566;0.0217872;0.0430625;0.0623588;0.792116;0.0545375;0.259557;0.271735;1.73822;0.184854;0.236219;0.304842;1;25;463.594;539.18;463.594;622.324;438.398;705.469;420.762;788.613;415.723;871.758;433.359;954.902;491.309;1038.05;564.375;1073.32;650.039;1070.8;733.184;1050.64;816.328;1010.33;896.953;939.785;952.383;856.641;972.539;773.496;977.578;690.352;980.098;607.207;980.098;524.062;1531.88;511.465;1519.28;587.051;1506.68;670.195;1516.76;753.34;1524.32;836.484;1509.2;919.629;1461.33;1000.25;1388.26;1055.68;1305.12;1060.72;1221.97;1043.09;1138.83;1002.77;1058.2;934.746;1010.33;851.602;990.176;768.457;977.578;687.832;980.098;604.688;980.098;526.122;977.579;114.895;962;1143.11;599.789;888;1324.21;882.158
3.41193;2.43279;3.41151;0.978729;6.56192;55.397;55.397;0.154426;0.1031;0.186047;0.18609;0.175165;0.306777;0.306777;0.0820393;0.0213575;0.165726;0.0453071;0.949838;0.0711073;0.350228;0.160364;0.676208;0.166033;0.924682;0.502427;2.65562;0.316875;0.76741;0.482915;3;25;449.93;577.688;480.48;652.676;455.484;738.773;449.93;822.094;452.707;908.191;469.371;991.512;530.473;1055.39;613.793;1108.16;699.891;1122.05;783.211;1102.61;869.309;1052.61;935.965;969.293;966.516;883.195;985.957;799.875;1019.29;713.777;1060.95;633.234;1081.78;550.601;1733.06;522.141;1733.06;619.348;1716.4;719.332;1719.18;822.094;1741.39;922.078;1741.39;1022.06;1696.96;1124.82;1605.3;1199.81;1502.54;1224.81;1402.56;1210.92;1302.57;1152.6;1213.7;1052.61;1163.71;952.629;1144.27;852.645;1130.38;749.883;1102.61;649.898;1081.78;549.914;1073.25;177.75;1082.25;1233;553.5;879.75;1590.75;1023.75
3.10798;0.855632;2.16895;1.31332;2.99174;24.1397;33.4383;0.103033;0.0299141;0.08;0.88074;0.0620647;0.0905194;0.125387;0.0206173;0.00177875;0.0407865;0.031714;0.678266;0.00826927;0.130656;0.0999861;0.049194;0.0552892;0.164378;0.106612;0.499412;0.149885;0.239904;0.147874;2;25;450.797;494.094;443.156;588.328;463.531;682.562;440.609;776.797;420.234;873.578;412.594;967.812;445.703;1062.05;514.469;1125.72;611.25;1138.45;705.484;1110.44;799.719;1041.67;865.938;947.438;909.234;850.656;939.797;756.422;980.547;662.188;1013.66;567.953;1013.66;473.719;1543.41;453.344;1566.33;552.672;1561.23;652;1568.88;753.875;1594.34;853.203;1612.17;955.078;1584.16;1054.41;1512.84;1146.09;1413.52;1169.02;1314.19;1151.19;1214.86;1074.78;1148.64;975.453;1107.89;873.578;1072.23;774.25;1016.2;672.375;1013.66;573.047;1013.66;473.476;982.68;167.39;980.711;1029.94;565.189;1065.39;1476.97;1140.22
0.553482;0.500632;0.49505;0.995682;1.82945;20.3297;34.8811;0.0215234;0.0195535;0.0228571;0.252407;0.0420648;0.0840773;0.144257;0.0589534;0.0174421;0.0837389;0.0141986;0.542148;0.105712;0.195005;0.0501113;0.465182;0.410656;0.29719;0.231683;1.52136;0.54726;0.379333;0.228131;1;25;449.598;462.156;452.109;547.555;437.039;635.465;391.828;723.375;376.758;808.773;386.805;896.684;442.062;984.594;504.855;1029.8;592.766;1034.83;680.676;1012.22;766.074;972.035;851.473;904.219;931.848;826.355;977.059;740.957;1012.22;653.047;1007.2;565.137;1007.2;479.127;1599.96;497.32;1602.48;577.695;1592.43;660.582;1574.85;740.957;1599.96;823.844;1604.99;904.219;1574.85;984.594;1502.01;1044.88;1419.12;1049.9;1336.23;1019.76;1255.86;964.5;1178;886.637;1117.71;806.262;1059.95;723.375;1022.27;643;1007.2;560.113;1007.2;479.738;1016.67;183.333;1010.42;1025;554.167;920.833;1487.5;904.167
2.17409;1.30989;1.79303;0.483147;2.312;2.71244;31.3767;0.0761991;0.0467798;0.0668577;0.408597;0.0506507;0.01146;0.132566;0.0348519;0.0163759;0.00366847;0.00461991;0.365256;0.0591221;0.042482;0.0242336;0.30577;0.0595981;0.0695773;0.081696;1.61526;0.237556;0.148877;0.187828;2;25;428.883;431.348;436.277;532.406;451.066;633.465;414.094;734.523;396.84;835.582;389.445;936.641;416.559;1037.7;497.898;1116.57;598.957;1123.97;700.016;1099.32;801.074;1027.84;860.23;926.781;882.414;825.723;902.133;724.664;919.387;623.605;924.316;522.547;923.084;423.953;1441.93;419.023;1429.61;512.688;1446.86;608.816;1466.58;704.945;1471.51;801.074;1459.19;897.203;1424.68;990.867;1333.48;1062.35;1237.35;1079.6;1143.69;1059.88;1047.56;995.797;978.543;902.133;956.359;806.004;944.035;709.875;929.246;613.746;921.852;517.617;923.084;425.493;942.788;89.0824;924.229;994.753;567.9;1093.11;1273.14;1028.16
1.50022;2.17489;1.43281;0.742086;3.01509;12.0042;42.8068;0.0538754;0.0794002;0.0565854;0.358434;0.0694736;0.054721;0.195134;0.0364484;0.00163816;0.09601;0.0302852;0.751333;0.026134;0.240139;0.0935584;0.373647;0.0248276;0.47588;0.144492;2.41481;0.128868;0.609573;0.269135;2;25;397.828;490.008;390.551;584.613;383.273;684.07;349.312;781.102;346.887;880.559;366.293;977.59;405.105;1077.05;485.156;1159.52;584.613;1174.08;684.07;1154.67;781.102;1096.45;856.301;999.422;887.836;902.391;912.094;802.934;933.926;705.902;943.629;606.445;948.48;509.414;1511.26;531.246;1513.69;633.129;1496.71;737.438;1496.71;844.172;1523.39;948.48;1535.52;1055.21;1501.56;1159.52;1397.25;1239.57;1292.94;1261.41;1188.63;1232.3;1084.32;1140.12;1033.38;1035.81;1013.98;929.074;996.996;824.766;977.59;718.031;953.332;613.723;948.48;510.292;952.816;131.355;931.25;1123.38;501.895;1107.7;1421.38;1164.55
0.767944;1.05018;0.738397;0.311781;1.46964;10.3574;16.9081;0.0279798;0.0383094;0.0305677;0.0957291;0.0297556;0.0381657;0.0623041;0.042343;0.00382451;0.303173;0.0214168;0.793644;0.0351609;0.539682;0.0826093;0.144427;0.0416249;0.486551;0.0791586;1.5828;0.107014;0.788251;0.18969;2;25;475.664;541.969;475.664;665.93;495.844;789.891;449.719;916.734;403.594;1040.7;383.414;1167.54;420.891;1291.5;539.086;1380.87;663.047;1398.16;787.008;1372.22;913.852;1279.97;1017.63;1161.77;1072.41;1034.93;1092.59;910.969;1118.53;784.125;1141.59;660.164;1151.68;537.992;1836.35;533.32;1833.47;660.164;1804.64;789.891;1839.23;916.734;1888.24;1046.46;1908.42;1173.3;1876.71;1303.03;1775.81;1415.46;1646.09;1444.29;1516.36;1406.81;1389.52;1305.91;1291.5;1176.19;1239.61;1049.34;1207.9;919.617;1173.3;792.773;1161.77;663.047;1151.68;536.203;1153.13;215.776;1183.29;1315.54;575.403;1262.18;1721.57;1294.66
4.36523;2.38453;3.85021;1.46568;1.84662;6.16669;63.1289;0.174252;0.091148;0.175692;0.345153;0.0492365;0.0365005;0.373659;0.0367366;0.0771168;0.0590315;0.0138727;0.302869;0.199282;0.223311;0.0583686;0.340788;0.432618;0.317916;0.138301;1.94358;0.417305;0.385574;0.2309;2;25;406.621;430.039;408.75;496.035;421.523;564.16;417.266;632.285;398.105;700.41;395.977;766.406;419.395;834.531;485.391;879.238;553.516;881.367;619.512;860.078;687.637;819.629;755.762;764.277;800.469;696.152;855.82;649.316;885.625;587.578;883.496;519.453;884.561;453.457;1339.08;476.875;1315.66;545;1279.47;606.738;1275.21;676.992;1294.38;749.375;1311.41;817.5;1305.02;887.754;1251.8;949.492;1179.41;958.008;1109.16;932.461;1041.04;872.852;992.07;802.598;953.75;730.215;904.785;662.09;889.883;593.965;885.625;523.711;884.561;453.628;885.658;93.5789;862.263;885.658;472.908;726.908;1233.24;848.895
2.47903;0.906335;1.67026;0.763923;1.83649;15.9434;25.3155;0.144417;0.0467843;0.119002;0.143135;0.0602415;0.126833;0.20139;0.0674895;0.0215825;0.0252618;0.0328223;0.732909;0.0428682;0.0676113;0.0997039;1.1237;0.0891096;0.233895;0.850151;2.56721;0.116471;0.317458;0.676314;2;25;536.25;732.875;533.271;825.229;563.062;917.583;603.205;998.667;605.708;1126.32;623.228;1203.91;648.257;1233.94;700.104;1251.25;792.458;1278.06;884.812;1263.17;977.167;1221.46;1069.52;1164.85;1113.8;1068.75;1143.84;963.626;1156.35;893.544;1197.62;810.333;1205.07;717.979;1861.98;703.083;1841.12;783.521;1799.6;866.012;1789.59;941.099;1812.12;1023.7;1797.1;1096.28;1775.58;1155.92;1701.1;1218.48;1617.69;1236.35;1537.25;1212.52;1453.83;1167.83;1385.31;1120.17;1322.75;1045.69;1284.02;962.271;1248.27;881.833;1212.52;798.417;1205.07;718.237;1188.89;357.918;1241.45;1519.27;775.906;1048.73;1686.97;971.135
2.22134;1.13276;2.12766;0.994896;4.66902;32.0503;55.593;0.0896164;0.0441395;0.103627;0.193886;0.102116;0.137362;0.238262;0.0591846;0.0362271;0.157698;0.0894903;0.979493;0.138531;0.372418;0.137356;0.240563;0.412495;0.565437;0.558847;1.33756;0.453703;0.705536;0.442644;2;25;488;562.667;488;616;506.667;669.333;522.667;722.667;536;776;500.772;869.053;428.912;1024;431.158;1228.35;543.439;1365.33;741.053;1385.54;887.018;1264.28;994.807;1145.26;1100.35;927.439;1120.56;860.07;1104.84;732.07;1074.67;640;1092;594.667;1746.67;624;1706.67;728;1704;832;1754.67;936;1789.33;1040;1784;1144;1738.67;1250.67;1645.33;1333.33;1541.33;1346.67;1437.33;1306.67;1333.33;1218.67;1253.33;1112;1197.33;1008;1141.33;904;1125.33;802.667;1109.33;698.667;1092;591.954;1118.32;289.684;1127.3;1345.12;518.737;1201.4;1690.95;1111.58
2.55291;2.22977;2.27273;0.0429581;2.60152;18.1041;42.5026;0.100081;0.0862843;0.0985109;0.0155011;0.0677218;0.0912773;0.21429;0.195059;0.488753;0.111667;0.0185486;1.04571;0.491574;0.166692;0.0795222;0.664921;0.940066;0.62781;0.166414;1.24725;0.676133;0.56834;0.28446;2;25;406.57;536.379;406.57;614.754;406.57;695.578;389.426;776.402;386.977;857.227;394.324;935.602;440.859;1016.43;516.785;1062.96;597.609;1062.96;675.984;1033.57;756.809;979.688;837.633;908.66;896.414;827.836;933.152;749.461;950.297;668.637;955.195;587.812;955.195;509.438;1481.78;484.945;1481.78;558.422;1491.57;634.348;1501.37;707.824;1513.62;783.75;1491.57;857.227;1435.24;933.152;1361.77;979.688;1285.84;989.484;1209.91;972.34;1136.44;935.602;1060.51;879.27;999.281;808.242;964.992;732.316;950.297;658.84;955.195;582.914;955.195;510.351;933.124;127.244;971.85;999.512;575.365;971.85;1331.45;892.553
2.50159;0.90439;1.24113;0.336745;2.0036;19.7349;19.8782;0.115334;0.040456;0.0654206;0.0995316;0.0540894;0.111128;0.111935;0.273016;0.0393621;0.139331;0.101711;1.63992;0.132772;0.360347;0.175797;1.09207;0.135228;0.388707;0.419306;2.72507;0.279814;0.536647;0.516091;2;25;312.926;446.344;310.5;545.801;332.332;645.258;342.035;747.141;342.035;846.598;351.738;946.055;400.254;1047.94;490.008;1118.29;591.891;1130.41;691.348;1098.88;790.805;1040.66;873.281;941.203;919.371;841.746;958.184;744.715;965.461;647.684;958.184;548.227;956.971;448.77;1574.33;456.047;1559.78;548.227;1554.93;642.832;1557.35;737.438;1567.05;832.043;1564.63;926.648;1513.69;1021.25;1423.93;1079.47;1329.33;1091.6;1237.15;1069.77;1142.54;1011.55;1060.07;919.371;1001.85;824.766;967.887;730.16;965.461;635.555;955.758;540.949;956.971;450.94;941.561;114.728;969.254;1230.36;524.189;989.035;1455.86;933.649
0.476291;0.4299;0.456204;0.886105;2.69608;23.0713;24.2068;0.0196685;0.0175992;0.02079;0.356753;0.0733446;0.133914;0.140505;0.0268379;0.0395073;0.0674232;0.0833897;0.317805;0.2222;0.13792;0.121718;0.491763;0.0820943;0.216456;0.204761;2.16398;0.175943;0.407672;0.291763;1;25;303.445;594.352;331.031;692.156;351.094;794.977;326.016;900.305;323.508;1003.12;333.539;1108.45;363.633;1211.27;456.422;1286.51;559.242;1311.59;662.062;1294.03;767.391;1231.34;862.688;1131.02;915.352;1025.7;945.445;922.875;970.523;817.547;990.586;714.727;1008.14;611.906;1697.79;631.969;1670.2;727.266;1635.09;822.562;1647.63;917.859;1645.12;1013.16;1625.06;1108.45;1559.86;1198.73;1472.09;1276.48;1376.79;1289.02;1281.49;1253.91;1186.2;1183.69;1123.5;1088.39;1090.9;993.094;1073.34;897.797;1053.28;802.5;1025.7;707.203;1008.14;613.056;1014.72;167.355;923.632;1328.25;542.316;1175.72;1493.49;1196.91
1.53829;1.33017;0.113636;1.44381;3.19003;36.2135;42.2821;0.0607731;0.0515427;0.00529101;0.333453;0.0745546;0.147503;0.172222;0.0635913;0.322809;0.0766903;0.0983827;0.957162;0.454046;0.224607;0.209218;0.931692;0.673793;0.214336;0.532188;2.94954;0.777196;0.314095;0.478283;2;25;365.333;581.333;346.667;680;338.667;781.333;338.667;882.667;320;984;338.667;1082.67;389.333;1184;482.667;1256;584;1266.67;685.333;1240;786.667;1178.67;882.667;1093.33;960;1000;1024;898.667;1082.67;800;1074.67;698.667;1074.67;600;1760;621.333;1752;714.667;1741.33;810.667;1773.33;906.667;1776;1002.67;1762.67;1098.67;1704;1192;1608;1216;1512;1208;1416;1186.67;1320;1146.67;1226.67;1077.33;1154.67;981.333;1114.67;885.333;1082.67;789.333;1074.67;693.333;1074.67;601.687;1055.44;222.316;1015.02;1210.39;556.912;1068.91;1614.6;1073.4
4.35206;2.25508;4.34783;2.09274;2.43366;13.3758;44.6719;0.19963;0.100109;0.228956;0.591767;0.0698613;0.0820606;0.274061;0.125796;0.0893981;0.545294;0.130455;1.82917;0.261806;1.02615;0.221469;0.604296;0.205926;1.24828;0.466229;1.86725;0.311811;1.40842;0.428821;3;25;528;725.333;557.333;786.667;538.667;858.667;525.333;928;520;1000;549.333;1053.33;597.333;1122.67;666.667;1152;738.667;1154.67;810.667;1138.67;874.667;1106.67;946.667;1074.67;1000;1013.33;1040;944;1053.33;874.667;1061.33;802.667;1061.33;733.333;1578.67;741.333;1560;816;1538.67;890.667;1538.67;965.333;1525.33;1034.67;1517.33;1109.33;1509.33;1173.33;1440;1221.33;1362.67;1234.67;1288;1216;1213.33;1173.33;1141.33;1106.67;1085.33;1032;1056;957.333;1053.33;882.667;1061.33;808;1061.33;733.46;1032.98;404.211;1039.72;1282.25;655.719;994.807;1403.51;1147.51
3.6586;3.54916;2.30024;1.24892;5.18986;35.3568;44.943;0.144608;0.137534;0.103825;0.342106;0.136168;0.188865;0.240072;0.0303158;0.084107;0.0738877;0.0514508;0.406336;0.178288;0.204917;0.0980127;0.648625;0.612216;0.170634;0.141342;2.06758;0.562197;0.276709;0.201074;3;25;474.062;612.812;507.988;674.023;474.386;733.322;452.643;800.526;439.375;857.938;460.188;925;518;985.125;585.062;1010.56;654.438;1019.81;721.5;1015.19;788.562;996.688;855.625;941.188;908.812;874.125;952.75;807.062;980.5;740;987.438;679.875;987.438;611.78;1468.44;610.5;1468.44;686.812;1475.38;763.125;1519.31;839.438;1537.81;915.75;1528.56;992.062;1489.25;1068.38;1415.25;1119.25;1343.56;1135.44;1269.56;1110;1193.25;1061.44;1119.25;987.438;1068.38;911.125;1031.38;839.438;1005.94;763.125;987.438;686.812;987.438;612.812;986.328;235.216;1025.86;1051.56;634.491;921.099;1431.06;996.211
6.28566;6.65731;6.08836;0.56895;12.7125;124.823;136.545;0.243832;0.248178;0.276622;0.11816;0.287205;0.506547;0.554117;0.149772;0.121244;0.237643;0.0929423;0.645877;0.306483;0.528461;0.183596;0.370858;0.613674;0.717318;0.297835;1.45257;0.774669;0.879712;0.286007;4;25;345.117;450.953;333.613;545.285;335.914;639.617;358.922;733.949;347.418;830.582;345.117;927.215;379.629;1021.55;467.059;1099.77;563.691;1115.88;658.023;1088.27;752.355;1012.34;816.777;918.012;853.59;821.379;869.695;724.746;895.004;630.414;895.004;533.781;908.809;439.449;1428.79;425.645;1435.69;494.668;1419.58;563.691;1431.09;635.016;1454.09;704.039;1454.09;773.062;1426.48;842.086;1368.96;895.004;1297.64;899.605;1228.62;878.898;1159.59;844.387;1092.87;777.664;1033.05;708.641;989.336;639.617;952.523;575.195;922.613;506.172;908.809;437.941;918.147;147.25;935.471;951.062;462.538;952.794;1323.52;757.038
3.30389;0.615922;1.96203;1.3461;2.49868;26.6666;66.4437;0.122313;0.0219429;0.0838972;0.287434;0.0522268;0.0932493;0.232344;0.0756713;0.0561669;0.0569686;0.0307984;0.827571;0.154305;0.186125;0.102732;0.356306;0.205243;0.0440767;0.22476;1.78471;0.266396;0.112861;0.298113;1;25;421.938;561.766;414.578;645.172;426.844;731.031;419.484;816.891;399.859;902.75;407.219;988.609;463.641;1072.02;544.594;1121.08;630.453;1116.17;716.312;1081.83;802.172;1027.86;885.578;946.906;942;865.953;964.078;782.547;951.812;696.688;942;610.828;942;524.969;1481.69;488.172;1498.86;578.938;1496.41;669.703;1498.86;760.469;1538.11;851.234;1545.47;942;1506.22;1035.22;1420.36;1094.09;1329.59;1103.91;1238.83;1081.83;1148.06;1040.12;1054.84;976.344;986.156;888.031;966.531;797.266;954.266;706.5;942;615.734;942;525.916;924;228;974;1018;542;998;1390;936
1.9675;1.1305;1.77039;0.639887;0.771495;7.73906;34.3574;0.09109;0.0488004;0.102326;0.109116;0.0205138;0.0425728;0.189001;0.140305;0.165851;0.100386;0.0490634;1.24613;0.314818;0.283778;0.149716;0.716865;0.345076;0.42742;0.156399;2.28943;0.394893;0.590182;0.16477;2;25;460.23;714.949;442.863;807.574;448.652;903.094;431.285;995.719;399.445;1091.24;405.234;1186.76;442.863;1279.38;538.383;1334.38;633.902;1343.06;723.633;1308.33;819.152;1244.65;908.883;1160.71;984.141;1070.98;998.613;975.457;1015.98;882.832;1047.82;787.312;1065.19;697.582;1739.61;680.215;1754.09;772.84;1719.35;865.465;1745.4;958.09;1754.09;1050.71;1742.51;1143.34;1699.09;1201.23;1612.25;1276.49;1519.63;1296.75;1427;1282.28;1334.38;1235.96;1241.75;1157.81;1166.5;1065.19;1108.61;972.562;1073.87;879.938;1082.55;787.312;1065.19;698.867;1066.39;328.649;1031.91;1399.63;494.123;1107.75;1601.88;1031.91
2.90673;1.9022;1.64384;0.258367;5.5694;62.9252;70.1087;0.124898;0.0793158;0.0892193;0.0464858;0.134171;0.261821;0.29171;0.0758822;0.0171103;0.0466996;0.0265299;0.707007;0.035677;0.153534;0.0839808;1.26372;0.104974;0.139753;1.07637;3.67008;0.1571;0.335784;0.774778;2;25;470.984;435.387;440.863;512.059;446.34;591.469;462.77;670.879;451.816;750.289;457.293;829.699;498.367;889.941;569.562;947.445;648.973;958.398;728.383;936.492;807.793;895.418;887.203;840.652;966.613;774.934;1037.81;701;1065.19;621.59;1070.67;542.18;1070.67;465.508;1637.49;492.891;1629.28;564.086;1596.42;635.281;1607.37;706.477;1623.8;777.672;1591.87;839.272;1541.65;884.465;1470.46;900.895;1396.52;895.418;1325.33;876.25;1256.87;840.652;1185.68;810.531;1122.7;750.289;1089.84;679.094;1073.41;607.898;1070.67;536.703;1070.67;464.702;1050.68;190.263;1073.93;961.886;651.123;784.307;1524.22;733.57
0.652174;0.14745;0;0.14745;1.14691;10.1908;10.2601;0.0308784;0.0066798;0;0.0318576;0.0333813;0.0637208;0.0641546;0.0585956;0.00247425;0.0615714;0.0270565;0.716039;0.0319858;0.19516;0.106339;0.211324;0.11786;0.469076;0.091551;0.988443;0.25408;0.511668;0.140761;1;25;535.434;518.254;538.297;589.836;555.477;667.145;538.297;747.316;535.434;824.625;544.023;904.797;581.246;979.242;661.418;1025.05;738.727;1022.19;816.035;996.422;896.207;950.609;973.516;890.48;1039.37;810.309;1093.77;741.59;1122.41;661.418;1133.86;586.973;1139.59;509.89;1763.78;501.074;1746.6;581.246;1732.29;661.418;1746.6;741.59;1758.05;821.762;1758.05;901.934;1717.97;964.926;1640.66;1022.19;1557.62;1033.64;1477.45;1016.46;1397.28;976.379;1317.11;910.523;1245.53;830.352;1191.12;750.18;1151.04;670.008;1145.31;589.836;1139.59;509.664;1113.75;149.803;1128.95;1148.49;651.316;846.711;1602.24;846.711
2.43715;2.58386;0.605327;1.97853;7.28585;64.2806;67.1027;0.112384;0.119438;0.0364964;0.391981;0.205677;0.371673;0.387991;0.0738711;0.00298822;0.101063;0.0475785;0.713464;0.0190845;0.220201;0.104846;0.835816;0.0885125;0.497044;0.669556;2.20788;0.140553;0.562754;0.518014;3;25;512.417;822.25;518.375;902.688;497.521;983.125;491.562;1063.56;500.5;1144;550.643;1188.89;613.708;1203.58;694.146;1197.62;774.583;1176.77;855.021;1164.85;935.458;1135.06;1015.9;1084.42;1096.33;1054.62;1152.94;980.146;1176.77;899.708;1194.65;819.271;1209.54;740.91;1909.65;658.396;1930.5;750.75;1909.65;843.104;1918.58;935.458;1930.5;1027.81;1942.42;1120.17;1915.6;1212.52;1838.15;1289.98;1742.81;1310.83;1650.46;1292.96;1558.1;1248.27;1465.75;1191.67;1373.4;1111.23;1307.85;1018.88;1257.21;926.521;1224.44;834.167;1209.54;741.812;1201.4;362.924;1236.44;1396.63;673.287;1036.21;1827.13;1061.24
4.30491;2.43601;4.2394;1.80339;2.7694;29.4378;38.7144;0.193154;0.108446;0.237762;0.389302;0.0697915;0.143132;0.188236;0.0983354;0.0868965;0.0198847;0.0381202;0.924145;0.212753;0.0890787;0.0942276;1.14191;0.121681;0.568927;0.361373;4.36399;0.249548;0.757188;0.379658;3;25;524.333;738.833;524.333;828.208;509.438;920.562;479.646;1012.92;452.833;1105.27;470.708;1194.65;557.104;1263.17;649.458;1275.08;741.812;1257.21;831.188;1218.48;923.542;1215.5;1015.9;1185.71;1087.4;1105.27;1120.17;1015.9;1144;926.521;1146.98;834.167;1145.49;744.155;1808.35;750.75;1820.27;846.083;1796.44;941.417;1793.46;1039.73;1823.25;1135.06;1820.27;1230.4;1769.62;1328.71;1677.27;1370.42;1578.96;1367.44;1489.58;1331.69;1394.25;1284.02;1295.94;1221.46;1209.54;1129.1;1161.88;1033.77;1144;935.458;1144;840.125;1145.49;744.792;1118.81;422.994;1128.82;1426.67;570.667;1053.73;1636.91;1223.93
3.67912;4.26658;3.38164;0.884936;7.38985;73.7813;82.4897;0.132893;0.156064;0.14;0.277929;0.168972;0.285774;0.319505;0.139881;0.138279;0.158469;0.120187;2.04846;0.255612;0.337667;0.292965;0.608306;0.270577;0.526416;0.532228;2.5443;0.31606;0.46449;0.531915;3;25;287.738;691.539;307.082;776.168;321.59;860.797;280.484;943.008;265.977;1030.05;287.738;1114.68;365.113;1170.3;449.742;1199.31;536.789;1199.31;621.418;1184.8;706.047;1148.54;790.676;1095.34;877.723;1017.96;947.844;935.754;976.859;851.125;988.949;766.496;988.949;681.867;1663.56;674.613;1675.65;776.168;1665.98;880.141;1675.65;981.695;1690.16;1085.67;1675.65;1187.22;1632.13;1291.2;1537.83;1354.06;1433.86;1354.06;1332.3;1327.46;1233.16;1269.43;1131.61;1189.64;1046.98;1090.5;1001.04;988.949;974.441;884.977;988.949;783.422;988.949;683.38;955.491;270.127;948.794;1194.36;482.211;1100.6;1482.35;1225.62
3.55874;0.044296;0.354108;0.398404;3.16901;23.6982;27.0105;0.150398;0.00183841;0.0173913;0.10671;0.0830068;0.122213;0.139295;0.143334;0.0566992;0.00862929;0.0393996;0.956072;0.173656;0.0569074;0.11707;0.971282;0.0973416;0.311945;0.672277;3.67321;0.158186;0.636294;0.585175;1;25;485.333;645.333;509.333;714.667;559.158;768;496;861.333;498.526;934.175;518.737;985.825;557.333;1026.67;629.333;1072;704;1088;776;1080;850.667;1053.33;922.667;1005.33;992;933.333;1040;861.333;1045.33;786.667;1053.33;714.667;1057.33;642.667;1592;640;1578.67;706.667;1560;773.333;1552;842.667;1562.67;909.333;1560;976;1525.33;1040;1469.33;1080;1400;1085.33;1333.33;1069.33;1266.67;1034.67;1197.33;976;1144;909.333;1104;842.667;1080;773.333;1061.33;706.667;1057.33;642.747;1026.25;323.368;1041.96;1116.07;702.877;963.368;1461.89;974.596
1.26022;0.750174;0.85752;0.107346;3.15418;20.4742;38.0666;0.0467665;0.0271929;0.0366714;0.0255391;0.073985;0.0811963;0.150964;0.0958104;0.0723371;0.4952;0.0528542;1.16895;0.19208;0.554591;0.167644;0.28198;0.253757;1.00496;0.220842;1.78776;0.400696;0.787594;0.320188;1;25;342.604;792.458;380.444;858.503;448.023;928.585;420.491;1041.22;390.271;1141.02;426.021;1236.35;506.458;1319.77;595.833;1361.48;691.167;1376.38;786.5;1364.46;881.833;1325.73;977.167;1251.25;1054.62;1155.92;1102.29;1060.58;1141.02;965.25;1191.67;869.917;1233.38;777.562;2079.46;762.667;2058.6;855.021;2022.85;947.375;2022.85;1039.73;2009.85;1113.8;1977.31;1198.9;1945.4;1269.12;1856.02;1316.79;1766.65;1346.58;1674.29;1337.65;1581.94;1298.92;1486.6;1221.46;1418.08;1129.1;1361.48;1036.75;1316.79;944.396;1275.08;852.042;1233.38;777.578;1231.44;315.368;1233.94;1263.98;705.825;1218.92;1722.01;1186.39
1.94545;0.162346;1.91898;1.75663;0.381895;5.33669;7.99877;0.108373;0.00883376;0.126316;0.551363;0.0136843;0.0488977;0.0732891;0.0590519;0.012033;0.00498586;0.0173515;0.583808;0.0832288;0.0320191;0.0974128;0.572161;0.0727056;0.120491;0.127595;1.61604;0.230421;0.164604;0.212841;1;25;595.833;688.188;601.792;765.646;616.688;843.104;637.542;920.562;658.269;991.158;664.354;1060.58;706.062;1138.04;780.542;1182.73;860.979;1182.73;938.438;1152.94;1015.9;1093.35;1093.35;1054.62;1155.92;998.021;1218.48;929.5;1227.42;852.042;1230.4;774.583;1242.31;696.727;1882.83;706.062;1859;783.521;1838.15;860.979;1832.14;938.597;1832.14;1008.68;1817.12;1063.74;1766.65;1138.04;1689.19;1176.77;1611.73;1173.79;1534.27;1146.98;1456.81;1096.33;1384.12;1031.2;1301.9;1006.96;1278.06;929.5;1257.21;852.042;1254.23;774.583;1242.31;697.125;1236.44;320.374;1261.47;1494.25;795.93;1078.76;1691.98;988.655
5.79801;4.92524;5.76923;0.843996;10.5868;102.916;106.228;0.205785;0.193085;0.254237;0.29973;0.226174;0.362029;0.373677;0.104098;0.376693;0.351777;0.0784344;1.51827;0.441535;0.668258;0.183012;0.437457;0.845662;0.956439;0.309186;2.5239;0.651361;1.05389;0.403137;4;25;440.115;524.448;455.927;598.24;419.031;679.938;376.865;759;382.877;831.561;442.702;889.392;492.556;913.322;521.812;925.031;603.51;925.031;682.573;914.49;764.271;885.5;843.333;853.875;925.031;798.531;990.917;719.469;1027.81;640.406;1054.17;558.708;1062.07;479.646;1670.85;434.844;1686.67;524.448;1689.3;616.688;1710.39;708.927;1747.28;801.167;1765.73;893.406;1742.01;988.281;1662.95;1067.34;1570.71;1075.25;1478.47;1043.62;1386.23;993.552;1291.35;930.302;1201.75;848.604;1133.23;756.365;1093.7;664.125;1069.98;571.885;1062.07;479.444;1052.91;209.386;1058.89;987.105;544.404;825.579;1579.37;1005.05
2.33509;3.76533;0.566343;3.19899;6.90639;59.5043;82.7984;0.0722467;0.11584;0.0214395;0.525398;0.117861;0.136502;0.189938;0.119408;0.0116937;0.175403;0.107437;1.00021;0.0774883;0.333133;0.178198;0.525555;0.175127;0.279834;0.199886;1.93128;0.262644;0.427959;0.29919;3;25;347.396;507.917;342.604;598.958;330.625;697.188;273.125;795.417;249.167;893.646;265.938;989.479;333.021;1085.31;431.25;1104.48;527.083;1078.12;625.312;1025.42;723.542;948.75;811.696;856.339;848.222;783.287;858.368;750.819;882.719;681.825;905.625;603.75;903.229;507.917;1471.04;505.521;1454.27;582.188;1461.46;666.042;1502.19;749.896;1503.67;827.93;1487.43;905.041;1439.9;955.938;1356.04;1001.46;1272.19;1011.04;1188.33;999.063;1104.48;970.313;1020.63;922.396;953.542;840.938;934.375;757.083;920;673.229;900.833;589.375;903.229;506.927;900.982;243.509;878.661;870.544;405.848;913.158;1339.3;898.953
2.19069;1.08474;0.380711;0.704033;2.38907;41.4274;42.9013;0.108425;0.0460654;0.0237154;0.0939388;0.0589943;0.186825;0.193472;0.183237;0.0616479;0.194066;0.133507;1.39211;0.19949;0.489074;0.242391;1.59945;0.352177;1.18869;1.53349;4.60706;0.465526;0.981735;0.881884;2;25;538.667;645.333;517.333;722.667;464;800;437.333;880;426.667;962.667;466.667;1021.33;536;1098.67;616;1122.67;698.667;1122.67;778.667;1106.67;861.333;1066.67;941.333;1013.33;1013.33;933.333;1072;864;1058.67;781.333;1064;701.333;1064;632;1709.33;621.333;1704;706.667;1690.67;794.667;1722.67;880;1728;968;1698.67;1050.67;1621.33;1128;1536;1160;1448;1160;1362.67;1144;1274.67;1106.67;1189.33;1050.67;1112;965.333;1074.67;880;1058.67;792;1064;706.667;1064;634.557;1050.95;309.895;1046.46;1194.67;655.719;871.298;1522.53;884.772
0.748503;0.843335;0.748503;0.0948315;1.15008;12.7336;40.5821;0.0273909;0.0323399;0.0324675;0.0313664;0.0243406;0.0448886;0.14306;0.0203422;0.00463716;0.115925;0.0147269;0.554007;0.0183639;0.33674;0.0680254;0.105772;0.0498376;0.364682;0.0339487;0.808233;0.146953;0.373962;0.0829822;1;25;655.417;583.917;631.583;670.312;607.75;759.688;592.854;852.042;572;941.417;569.021;1030.79;613.708;1117.19;697.125;1176.77;789.479;1182.73;878.854;1155.92;968.229;1102.29;1054.62;1024.83;1138.04;944.396;1182.73;855.021;1212.52;762.667;1227.42;673.292;1225.93;583.917;1802.4;586.896;1799.42;679.25;1814.31;771.604;1832.19;863.958;1853.04;956.312;1847.08;1048.67;1802.4;1135.06;1718.98;1200.6;1623.65;1212.52;1531.29;1185.71;1438.94;1126.12;1346.58;1045.69;1275.08;953.333;1233.38;860.979;1209.54;768.625;1224.44;676.271;1225.93;584.912;1218.92;327.883;1213.92;1163.86;728.351;1086.27;1709.5;1111.3
3.941;3.1351;3.60636;0.471256;4.43605;35.6955;63.3513;0.153502;0.11593;0.155468;0.122522;0.108192;0.170214;0.30209;0.0192359;0.0528432;0.282326;0.00748027;0.311408;0.188037;0.48559;0.0573833;0.324845;0.158132;0.409585;0.212016;1.9209;0.360837;0.564472;0.256334;3;25;670.312;768.625;652.438;852.042;658.396;944.396;625.625;1036.75;586.896;1129.1;586.896;1221.46;628.604;1307.85;720.958;1364.46;810.333;1376.38;899.708;1337.65;992.062;1287;1084.42;1236.35;1176.77;1155.92;1233.38;1063.56;1269.12;971.208;1287;881.833;1285.51;792.458;1903.69;819.271;1909.65;920.562;1909.65;1021.85;1948.38;1123.15;1984.12;1227.42;1978.17;1328.71;1930.5;1430;1832.19;1495.54;1730.9;1504.48;1629.6;1471.71;1525.33;1400.21;1432.98;1301.9;1370.42;1200.6;1325.73;1096.33;1292.96;995.042;1284.02;893.75;1285.51;793.572;1289.01;335.392;1284;1359.09;871.018;1211.42;1772.07;1359.09
3.36954;1.45597;3.34646;1.89049;2.92473;15.6328;20.2213;0.147232;0.0625714;0.166939;0.586567;0.0747837;0.0745973;0.0964927;0.0231503;0.0222326;0.0123907;0.0248822;0.347937;0.038166;0.0841335;0.0468862;0.501907;0.107949;0.254921;0.42465;2.25452;0.177074;0.354027;0.460047;2;25;607.75;595.833;572;676.271;569.021;768.625;589.875;860.979;613.216;923.579;615.719;1043.72;640.521;1117.19;726.917;1176.77;819.271;1185.71;911.625;1158.9;1001;1105.27;1093.35;1030.79;1185.71;947.375;1218.48;869.917;1209.54;777.562;1209.54;685.208;1209.54;595.833;1850.06;592.854;1856.02;676.271;1838.15;762.667;1826.23;849.062;1814.62;931.088;1794.6;996.164;1751.75;1078.46;1665.35;1123.15;1578.96;1132.08;1495.54;1114.21;1409.15;1078.46;1322.75;1021.85;1245.29;938.438;1215.5;852.042;1212.52;765.646;1209.54;679.25;1209.54;594.864;1223.93;272.819;1196.4;1226.43;795.93;1101.29;1636.91;973.637
2.51616;1.00813;1.6226;0.614462;0.959948;5.27818;20.9322;0.108636;0.0385264;0.0770328;0.120396;0.0245035;0.0263902;0.104658;0.158424;0.0587117;0.174262;0.106795;1.38966;0.124656;0.304803;0.183158;1.36391;0.233157;0.384131;0.325682;2.89289;0.279507;0.432524;0.32155;2;25;580.938;878.854;574.979;974.188;566.042;1069.52;542.208;1167.83;527.312;1263.17;542.208;1358.5;589.875;1453.83;685.208;1513.42;783.521;1525.33;878.854;1498.52;974.188;1435.96;1060.58;1349.56;1117.19;1254.23;1152.94;1158.9;1179.75;1060.58;1203.58;965.25;1205.07;870.249;1814.31;860.979;1835.17;938.438;1841.12;1033.77;1853.04;1129.1;1857.17;1231.44;1867.94;1319.77;1823.25;1400.21;1727.92;1468.73;1632.58;1483.62;1537.25;1462.77;1441.92;1415.1;1349.56;1343.6;1269.12;1248.27;1221.46;1152.94;1203.58;1057.6;1206.56;962.271;1205.07;869.917;1191.39;415.485;1206.41;1456.7;833.474;1326.55;1629.4;1258.97
0.60138;0.489896;0.525701;0.0358051;1.08528;26.4958;47.3195;0.0264678;0.0217289;0.027735;0.00996977;0.0284037;0.136305;0.24343;0.0537119;0.0114187;0.0702399;0.0169514;0.622712;0.0522386;0.233066;0.0774718;1.10306;0.0186546;0.631656;0.94954;3.94664;0.0630214;0.639899;0.742675;2;25;500.5;655.417;500.5;747.771;551.146;840.125;533.271;935.458;503.479;1027.81;509.438;1120.17;580.938;1200.6;673.292;1239.33;768.625;1254.23;860.979;1224.44;953.333;1158.9;1048.67;1078.46;1126.12;986.104;1131.32;918.573;1135.06;807.354;1152.94;715;1152.94;628.604;1891.77;607.75;1861.98;703.083;1859;798.417;1891.77;893.75;1897.73;992.062;1870.92;1084.42;1796.44;1167.83;1701.1;1218.48;1602.79;1233.38;1507.46;1215.5;1412.12;1170.81;1316.79;1096.33;1236.35;1003.98;1163.86;901.053;1138.04;813.312;1152.94;717.979;1152.94;633.372;1148.84;277.825;1128.82;1349.08;605.708;1101.29;1679.46;1078.76
2.45763;0.894677;2.39651;1.50184;2.85611;21.7103;27.4203;0.103653;0.0364776;0.119565;0.334993;0.0692612;0.102412;0.129348;0.0799074;0.065767;0.190212;0.0952961;1.0325;0.137083;0.29575;0.187344;0.588774;0.231058;1.09533;0.396868;2.69238;0.295083;0.804058;0.447102;2;25;351.688;543.047;346.516;641.312;341.344;739.578;325.828;837.844;299.969;936.109;274.109;1034.38;299.969;1132.64;382.719;1215.39;480.984;1236.08;579.25;1207.63;674.93;1140.4;773.195;1057.65;858.531;959.383;938.695;861.117;969.727;762.852;987.828;664.586;1004.64;570.622;1678.27;599.938;1642.07;685.273;1652.41;778.367;1691.2;871.461;1711.89;964.555;1701.55;1055.06;1649.83;1145.57;1556.73;1194.7;1463.64;1194.7;1373.13;1155.91;1285.21;1096.44;1192.12;1029.2;1106.78;938.695;1055.06;848.188;1039.55;755.094;1021.45;662;1004.64;571.492;970.702;225.026;981.732;1237.64;469.908;1085.42;1493.56;988.351
6.49418;3.22988;4.46058;1.23071;4.86432;74.0024;87.0766;0.279921;0.136537;0.239554;0.24441;0.106512;0.27818;0.327326;0.235621;0.0923614;0.0553463;0.141112;2.18754;0.216086;0.196451;0.334082;1.76339;0.125049;0.154592;1.75639;4.87642;0.268635;0.262929;0.987932;4;25;317.333;512;272;632;250.667;752;253.333;874.667;273.965;994.807;285.193;1127.3;322.667;1221.33;442.667;1304;562.667;1306.67;682.667;1269.33;805.333;1194.67;925.333;1093.33;1018.67;976;1088;856;1106.67;733.333;1090.67;613.333;1092;493.333;1768;474.667;1802.67;581.333;1813.33;690.667;1834.67;800;1890.67;909.333;1898.67;1018.67;1845.33;1122.67;1736;1170.67;1626.67;1165.33;1517.33;1122.67;1408;1080;1301.33;1024;1210.67;922.667;1144;818.667;1138.67;709.333;1093.33;600;1092;492.233;1059.93;220.07;1129.54;1302.46;579.368;1122.81;1744.84;929.684
3.41039;3.09332;3.25829;0.164971;4.51529;43.7419;65.305;0.183188;0.161953;0.244989;0.0284415;0.126558;0.255737;0.381806;0.0286086;0.00949117;0.268648;0.00464581;0.303574;0.056239;0.489588;0.0213129;0.341943;0.169223;0.689193;0.23593;1.11528;0.250514;0.625466;0.286616;3;25;497.521;715;479.646;768.625;497.521;828.208;536.25;887.792;525.614;953.614;535.626;1131.32;693.31;1206.41;843.485;1191.39;948.608;1166.36;1008.68;1101.29;1051.23;1071.25;1068.75;996.164;1096.28;956.117;1126.32;906.058;1141.02;840.125;1197.62;789.479;1228.91;740.774;2002;768.625;2007.96;860.979;1972.21;956.312;1954.33;1051.65;1954.33;1146.98;1927.52;1242.31;1885.81;1322.75;1790.48;1337.65;1695.15;1334.67;1599.81;1325.73;1504.48;1287;1456.7;1196.4;1384.12;1106.29;1341.57;993.661;1272.1;929.5;1260.19;834.167;1228.91;741.812;1216.42;465.544;1171.37;1521.78;688.304;958.62;1787.09;1096.28
2.62849;1.85197;2.49361;0.641638;4.57926;54.9647;59.752;0.124801;0.0836321;0.145794;0.127292;0.132968;0.337288;0.366665;0.016182;0.0199774;0.0327671;0.035019;0.143694;0.0595544;0.126098;0.0903651;0.738877;0.0265173;0.24831;0.228272;1.11697;0.0439545;0.24968;0.222899;2;25;476.34;517.445;466.668;577.895;447.324;638.344;420.727;698.793;411.055;759.242;434.57;816.342;463;858.987;490.848;887.395;553.715;897.066;614.164;882.559;674.613;855.961;735.062;810.02;795.512;756.824;851.125;701.211;877.723;640.762;889.812;580.312;886.186;522.281;1414.51;531.953;1416.93;599.656;1409.68;667.359;1419.35;735.062;1426.6;802.766;1409.68;870.469;1356.48;911.574;1288.78;947.844;1218.66;955.098;1150.95;938.172;1083.25;904.32;1015.55;855.961;952.68;788.258;904.32;722.973;880.141;655.27;882.559;587.566;886.186;523.562;899.601;223.377;858.987;1017.38;497.522;726.991;1275.28;806.189
2.35582;1.56253;2.29659;0.734057;6.88605;74.9712;75.0753;0.0907657;0.0597562;0.101597;0.20716;0.158324;0.314574;0.315011;0.0983797;0.0221438;0.0463755;0.101404;1.05;0.0520213;0.231586;0.207254;0.958099;0.073985;0.413239;0.545031;4.76469;0.131938;0.541713;0.544316;2;25;464;560;442.667;653.333;437.333;746.667;437.333;840;421.333;933.333;413.333;1026.67;440;1122.67;525.333;1197.33;618.667;1210.67;712;1194.67;805.333;1141.33;898.667;1058.67;962.667;965.333;1008;872;1021.33;781.333;1016;688;1016;594.667;1530.67;626.667;1536;701.333;1504;781.333;1509.33;861.333;1520;944;1512;1026.67;1493.33;1098.67;1413.33;1149.33;1330.67;1154.67;1250.67;1125.33;1168;1074.67;1098.67;1000;1061.33;917.333;1029.33;834.667;1018.67;757.333;1016;674.667;1016;594.176;1026.25;289.684;1017.26;1145.26;599.579;1102.6;1470.88;1024
2.28091;1.14513;1.90789;0.762767;1.78629;15.4593;26.7283;0.103021;0.0506515;0.108818;0.150296;0.0521234;0.0939912;0.162506;0.0502238;0.0027039;0.0566475;0.0675009;0.561192;0.0124866;0.146501;0.112661;0.214176;0.161918;0.170155;0.134335;1.57747;0.201848;0.441098;0.323683;2;25;412.406;573.891;412.406;628.547;395.016;690.656;375.141;752.766;375.141;814.875;412.406;864.562;474.516;899.344;536.625;904.312;598.734;899.344;658.359;884.438;720.469;857.109;782.578;822.328;844.688;785.062;899.344;732.891;924.188;673.266;924.188;611.156;941.578;551.531;1473.23;531.656;1468.27;593.766;1465.78;655.875;1483.17;720.469;1495.59;782.578;1478.2;844.688;1438.45;909.281;1376.34;936.609;1311.75;939.094;1249.64;919.219;1187.53;886.922;1122.94;852.141;1060.83;802.453;1003.69;740.344;973.875;675.75;958.969;613.641;941.578;552.923;944.123;214.386;942.061;997.719;540.088;733.86;1387.32;793.64
3.83835;3.36415;3.08824;0.275918;9.71588;75.7878;86.287;0.113637;0.107422;0.106329;0.121389;0.178731;0.215981;0.245902;0.149146;0.0243483;0.263796;0.192126;0.721202;0.108336;0.614924;0.302829;0.337349;0.260021;0.88068;0.801995;0.853421;0.39646;0.999923;0.65062;3;25;472;605.333;426.667;693.333;368;781.333;338.667;872;344;960;373.333;1048;408.702;1104.84;482.667;1152;573.333;1160;661.333;1141.33;749.333;1090.67;840;1026.67;914.667;938.667;954.667;850.667;1000;762.667;1016;674.667;1021.33;597.333;1637.33;589.333;1578.67;696.14;1656;786.667;1733.33;888;1773.33;984;1773.33;1082.67;1722.67;1184;1629.33;1250.67;1528;1261.33;1429.33;1229.33;1330.67;1181.33;1229.33;1090.67;1154.67;992;1098.67;893.333;1050.67;794.667;1026.67;696;1021.33;597.789;1015.02;256;1017.26;1019.51;523.228;1095.86;1576.42;1190.18
4.27721;1.0426;2.25564;1.21304;1.52812;61.9907;81.9643;0.179973;0.0425114;0.122034;0.200786;0.0350867;0.274948;0.363537;0.176785;0.0745413;0.115601;0.136753;1.73289;0.158828;0.345925;0.286019;1.90259;0.468592;0.699584;1.7493;7.6455;0.426431;0.693507;1.16845;2;25;448.289;429.008;443.469;501.312;457.93;576.027;431.418;650.742;388.035;727.867;351.883;802.582;356.703;872.477;414.547;937.551;491.672;944.781;566.387;908.629;641.102;855.605;715.816;802.582;768.84;725.457;817.043;657.973;860.426;597.719;882.117;523.004;882.117;450.699;1409.94;472.391;1412.35;549.516;1414.76;626.641;1429.22;703.766;1441.27;783.301;1431.63;858.016;1383.43;935.141;1306.3;976.113;1226.77;976.113;1149.64;942.371;1072.52;889.348;995.395;831.504;923.09;756.789;877.297;679.664;860.426;602.539;882.117;525.414;882.117;448.419;918.083;214.667;851;979.417;410.167;745.583;1314.83;814.583
1.51532;1.29554;1.34346;0.0479162;3.09717;35.1613;35.3309;0.0618013;0.0514362;0.0669578;0.00935298;0.074925;0.170799;0.171623;0.0465601;0.0402841;0.0295056;0.033863;0.351227;0.124114;0.148052;0.0703746;0.436628;0.229431;0.448017;0.277308;2.37178;0.331667;0.598913;0.338145;2;25;607.75;646.479;607.75;753.729;619.667;860.979;607.75;968.229;569.021;1075.48;548.167;1182.73;586.896;1284.02;688.188;1355.52;795.438;1367.44;902.688;1334.67;1009.94;1281.04;1114.21;1188.69;1185.71;1081.44;1233.38;974.188;1260.19;866.938;1251.25;759.688;1251.25;652.097;1867.94;658.396;1853.04;756.708;1823.25;858;1859;959.292;1885.81;1057.6;1900.71;1158.9;1876.88;1260.19;1781.54;1307.85;1680.25;1310.83;1578.96;1281.04;1480.65;1236.35;1382.33;1149.96;1328.71;1051.65;1287;953.333;1260.19;852.042;1251.25;750.75;1251.25;652.438;1253.96;262.807;1296.51;1334.06;665.778;1151.35;1872.19;1093.78
1.08837;2.48146;0.616592;1.86486;5.52802;65.7543;67.154;0.0477011;0.107093;0.0326895;0.432789;0.139539;0.312333;0.318982;0.0413413;0.0241496;0.215245;0.0239293;0.555904;0.0865284;0.415335;0.0820348;0.300554;0.0261343;0.497563;0.196305;1.8063;0.075214;0.496546;0.244865;3;25;497.521;819.271;470.708;899.708;414.104;998.021;378.354;1096.33;369.417;1194.65;402.188;1281.04;497.521;1343.6;595.833;1334.67;691.167;1316.79;789.479;1325.73;887.792;1307.85;986.104;1254.23;1072.5;1161.88;1120.17;1063.56;1149.96;965.25;1155.92;866.938;1155.92;780.542;1954.33;744.792;1960.29;855.021;1948.38;965.25;1984.12;1075.48;2013.92;1185.71;2002;1295.94;1927.52;1400.21;1817.29;1450.85;1704.08;1456.81;1593.85;1438.94;1483.62;1391.27;1373.4;1319.77;1278.06;1212.52;1209.54;1102.29;1170.81;992.062;1155.92;881.833;1155.92;785.808;1146.34;367.93;1146.34;1484.23;593.193;1196.4;1739.53;1223.93
1.33862;1.55774;0.389755;1.16799;0.363256;28.0322;59.2918;0.0511168;0.0605209;0.0177891;0.305025;0.00696255;0.0929873;0.19668;0.155418;0.210068;0.27963;0.08091;1.10799;0.302155;0.498106;0.180423;0.350669;0.431931;0.455179;0.165777;1.88698;0.416763;0.598557;0.191262;2;25;446.875;577.958;449.854;709.042;429;846.083;348.562;983.125;300.896;1120.17;291.958;1257.21;342.604;1394.25;470.708;1492.56;607.75;1513.42;741.812;1465.75;872.896;1346.58;956.312;1209.54;1006.96;1072.5;1042.71;935.458;1078.76;813.45;1093.35;673.292;1094.84;539.229;1772.6;500.5;1769.62;637.542;1829.21;774.583;1897.73;911.625;1936.46;1051.65;1921.56;1188.69;1859;1325.73;1721.96;1418.08;1584.92;1444.9;1447.88;1421.06;1307.85;1352.54;1188.69;1227.42;1141.02;1090.38;1123.15;950.354;1105.27;813.312;1096.33;676.271;1094.84;540.303;1093.78;322.877;1121.31;1446.69;420.491;1316.54;1709.5;1299.02
1.40588;2.25261;0.576923;1.67569;1.04606;5.57293;38.8054;0.0548159;0.0892989;0.0264317;0.493056;0.0219439;0.0200542;0.139641;0.111531;0.0200084;0.523823;0.0614748;1.27076;0.0586152;0.5993;0.147501;0.377328;0.100749;0.818623;0.163087;1.59919;0.11633;0.669674;0.208066;2;25;410.078;537.344;421.391;633.5;424.219;729.656;412.906;825.812;408.342;920.5;342.203;1015.3;410.078;1108.62;506.234;1162.36;602.391;1165.19;698.547;1131.25;794.703;1077.52;885.203;1009.64;981.359;930.453;1063.38;839.953;1097.31;743.797;1094.48;647.641;1097.31;553.885;1781.72;571.281;1784.55;667.438;1787.38;766.422;1778.89;865.406;1795.86;964.391;1821.31;1060.55;1810;1159.53;1722.33;1241.55;1626.17;1238.72;1530.02;1182.16;1431.03;1117.11;1332.05;1037.92;1238.72;941.766;1168.02;848.438;1117.11;749.453;1100.14;650.469;1097.31;554.312;1105.06;302.219;1139.67;1201.96;643.658;1077.38;1612.61;1098.14
1.68522;0.329357;1.64114;1.31178;3.59423;32.312;46.4553;0.074267;0.0143083;0.084507;0.36454;0.110733;0.220643;0.31722;0.103279;0.140357;0.241923;0.0547343;0.967272;0.252605;0.367423;0.0959953;1.46409;0.412196;0.575942;0.316472;3.64186;0.45735;0.578974;0.37403;1;25;530.292;890.771;512.417;971.208;503.479;1057.6;482.625;1141.02;488.583;1227.42;524.333;1310.83;610.729;1367.44;694.146;1373.4;777.562;1352.54;860.979;1319.77;947.375;1275.08;1030.79;1227.42;1096.28;1148.84;1121.31;1063.74;1144;992.062;1144;908.646;1144;849.062;1873.9;813.312;1864.96;905.667;1867.94;1001;1888.79;1093.35;1906.67;1188.69;1897.73;1281.04;1829.21;1352.54;1739.83;1388.29;1644.5;1385.31;1552.15;1358.5;1456.81;1316.79;1364.46;1260.19;1269.12;1194.65;1191.67;1102.29;1155.92;1006.96;1144;917.583;1144;855.584;1133.82;330.386;1188.89;1474.22;605.708;1181.38;1679.46;1256.47
4.86305;2.86768;0.464191;2.40349;2.57586;36.6134;65.1281;0.189594;0.117947;0.0229885;0.583243;0.057097;0.141894;0.252401;0.0298802;0.0251439;0.0834195;0.0103896;0.548827;0.118703;0.236466;0.0781054;0.527404;0.459377;0.34928;0.394251;2.89941;0.483752;0.606982;0.445974;3;25;452.833;622.646;446.875;723.938;458.792;828.208;467.729;932.479;434.958;1036.75;431.979;1141.02;468.047;1228.94;557.104;1275.08;661.375;1278.06;762.667;1239.33;866.938;1179.75;971.208;1108.25;1066.54;1012.92;1105.27;908.646;1146.98;807.354;1167.83;703.083;1188.69;601.792;1906.67;580.938;1909.65;676.271;1900.71;771.604;1903.69;869.917;1951.35;965.25;1966.25;1060.58;1939.44;1158.9;1847.08;1170.81;1748.77;1155.92;1653.44;1135.06;1558.1;1120.17;1459.79;1057.6;1364.46;968.229;1284.02;881.833;1230.4;792.458;1209.54;697.125;1188.69;601.882;1126.32;310.363;1188.89;1253.96;625.731;1081.26;1809.61;1063.74
3.00245;2.72585;2.83019;0.104338;5.98659;43.3219;59.6177;0.110169;0.107363;0.117359;0.0819249;0.134968;0.177817;0.244704;0.302468;0.165639;0.302768;0.0447733;1.80901;0.300385;0.498485;0.141092;0.672305;0.238849;0.695034;0.128632;2.45871;0.342068;0.699678;0.241147;2;25;470.422;593.141;479.188;698.328;476.266;806.438;449.969;911.625;411.984;1019.73;409.062;1124.92;438.281;1233.03;534.703;1303.16;642.812;1303.16;748;1268.09;853.188;1218.42;961.297;1139.53;1016.81;1034.34;1034.34;926.234;1051.88;821.047;1081.09;715.859;1081.09;610.672;1653.78;631.125;1650.86;721.703;1694.69;812.281;1729.75;905.781;1732.67;996.359;1694.69;1089.86;1618.72;1168.75;1525.22;1203.81;1434.64;1200.89;1344.06;1168.75;1250.56;1130.77;1159.98;1069.41;1104.47;975.906;1086.94;885.328;1069.41;791.828;1081.09;701.25;1081.09;612.24;1069.07;293.601;1069.07;1243.88;607.373;1264.05;1568.86;1156.47
1.45636;0.112579;0.1002;0.212779;0.751867;3.82055;7.15605;0.0815153;0.00583616;0.00680272;0.0466576;0.0262626;0.0323927;0.060673;0.0941156;0.0221434;0.455511;0.0321478;1.02217;0.0423895;0.59864;0.106531;1.3751;0.0943965;1.59604;1.27768;4.58004;0.133032;1.27756;0.800228;2;25;413.648;548.93;416.25;600.961;421.453;655.594;429.258;710.227;474.671;793.228;531.632;907.149;565.386;949.342;637.114;974.658;721.5;970.439;824.873;945.123;898.711;886.053;949.342;810.105;989.425;763.693;1012.63;704.623;1010.52;653.991;1004.2;587.953;1035.42;547.933;1662.4;546.328;1659.8;603.562;1644.19;660.797;1620.77;720.633;1602.56;777.867;1590.68;877.614;1563.25;940.904;1518.95;976.768;1474.64;978.877;1383.93;980.987;1326.97;968.329;1244.69;943.013;1156.09;862.847;1082.25;759.474;1069.59;666.649;1066.64;598.359;1035.42;546.328;1027.4;166.662;957.781;1219.38;571.715;789.009;1421.9;784.789
1.95374;0.417176;0.582751;0.165574;1.86925;19.0794;21.5732;0.0920704;0.0197054;0.0344828;0.0387683;0.0529033;0.112819;0.127565;0.0262881;0.00393411;0.213874;0.0101091;0.254445;0.0406869;0.328888;0.0191942;0.633295;0.0370216;0.637715;0.276854;2.3073;0.106758;0.75302;0.267875;1;25;460.688;534.625;480.594;614.25;494.812;693.875;483.438;773.5;463.531;853.125;472.062;932.75;526.094;1001;605.719;1026.59;685.344;1012.38;764.969;975.406;844.594;935.594;927.062;907.156;995.312;838.906;1046.5;764.969;1080.62;685.344;1103.38;605.719;1103.38;529.241;1774.5;523.25;1746.06;605.719;1737.53;693.875;1763.12;779.188;1777.34;867.344;1757.44;952.656;1703.41;1003.84;1618.09;1009.53;1529.94;1006.69;1444.62;986.781;1356.47;952.656;1271.16;929.906;1188.69;867.344;1123.28;784.875;1106.22;696.719;1103.38;611.406;1103.38;528.938;1123.68;181.908;1086.84;1169.74;580.263;861.184;1593.42;838.158
2.37479;3.6347;2.27273;1.36197;5.48434;53.8681;82.4982;0.0831987;0.129431;0.103937;0.219118;0.107212;0.170236;0.260714;0.0772285;0.0987021;0.163195;0.0445834;1.33354;0.249199;0.36314;0.16026;0.444624;0.457213;0.22261;0.0743483;2.17464;0.533394;0.420942;0.180155;3;25;464.75;628.604;467.729;723.938;464.75;825.229;396.229;926.521;357.5;1027.81;357.5;1129.1;402.188;1227.42;503.479;1284.02;601.792;1263.17;703.083;1230.4;804.375;1188.69;902.688;1135.06;998.021;1051.65;1075.48;953.333;1129.1;852.042;1155.92;750.75;1158.9;652.438;1850.06;673.292;1859;780.542;1879.85;890.771;1948.38;1001;1981.15;1111.23;1984.12;1218.48;1936.46;1328.71;1835.17;1409.15;1727.92;1406.17;1620.67;1355.52;1510.44;1278.06;1400.21;1191.67;1295.94;1084.42;1215.5;980.146;1152.94;869.917;1161.88;759.688;1158.9;650.656;1181.38;330.386;1166.36;1238.95;503.088;1083.77;1834.64;1166.36
5.24515;2.34405;4.68107;2.33702;3.05181;27.3249;41.3474;0.236864;0.10557;0.258156;0.57405;0.0809147;0.144709;0.21897;0.130888;0.127439;0.0204509;0.094379;0.871014;0.201067;0.0949904;0.210678;0.888616;0.211548;0.220923;0.721802;1.66575;0.267506;0.286718;0.592242;3;25;403.723;649.965;389.406;753.043;406.586;856.121;435.219;962.062;412.312;1065.14;400.859;1168.22;452.398;1245.53;549.75;1305.66;655.691;1314.25;758.77;1288.48;858.984;1228.35;964.926;1148.18;1042.23;1047.96;1102.36;944.883;1125.27;838.941;1119.54;735.863;1133.86;632.785;1841.09;615.605;1846.82;710.094;1818.18;804.582;1832.5;899.07;1855.41;996.422;1858.27;1090.91;1789.55;1179.67;1692.2;1208.3;1597.71;1208.3;1503.22;1185.4;1405.87;1142.45;1317.11;1079.46;1222.62;1010.74;1156.77;916.25;1151.04;821.762;1148.18;727.273;1133.86;632.69;1102.32;264;1169.47;1389.47;592.842;1185.68;1718.32;974.947
3.3753;1.41292;3.00708;1.59415;4.48763;44.4538;44.8864;0.151028;0.0616181;0.160126;0.384057;0.114652;0.207974;0.209998;0.180462;0.0975861;0.683039;0.154091;1.96247;0.14156;0.846295;0.266043;1.31957;0.184541;0.822124;1.18342;3.2186;0.234427;0.908266;0.776941;3;25;414.586;544.32;389.203;623.289;417.406;710.719;437.148;798.148;437.148;885.578;437.148;973.008;482.273;1051.98;564.062;1119.66;654.312;1130.95;741.742;1111.2;829.172;1066.08;910.961;1004.03;995.57;922.242;1046.34;834.812;1068.9;747.383;1066.08;659.953;1064.67;572.523;1675.27;603.547;1666.8;679.695;1680.91;758.664;1692.19;837.633;1692.19;916.602;1669.62;995.57;1590.66;1057.62;1511.69;1080.18;1432.72;1074.54;1356.57;1051.98;1277.6;1015.31;1198.63;956.086;1139.41;885.578;1102.74;806.609;1083;727.641;1063.26;648.672;1064.67;574.761;1068.11;270.789;1076.71;1182.02;657.632;1010.09;1534.47;900.482
3.29884;1.35362;1.23529;0.118321;2.89033;40.7561;40.9427;0.133023;0.052838;0.0576132;0.0283266;0.065981;0.16935;0.170126;0.15246;0.0554279;0.146684;0.0865949;1.82977;0.16242;0.319505;0.224476;1.11166;0.276291;0.68453;0.97175;4.32527;0.384375;0.752666;0.735045;2;25;506.109;492.281;503.344;591.844;528.234;691.406;522.703;793.734;500.578;893.297;503.344;992.859;564.188;1092.42;658.219;1147.73;760.547;1153.27;860.109;1125.61;959.672;1075.83;1059.23;987.328;1111.78;887.766;1136.67;788.203;1136.67;685.875;1131.14;589.078;1129.76;492.281;1684.27;495.047;1703.62;583.547;1673.2;677.578;1700.86;771.609;1720.22;868.406;1725.75;962.438;1684.27;1053.7;1590.23;1097.95;1493.44;1103.48;1399.41;1078.59;1305.38;1031.58;1211.34;959.672;1164.33;862.875;1139.44;768.844;1139.44;674.812;1128.38;583.547;1129.76;493.34;1103.05;168;1151.68;1107.47;696.316;996.947;1624.74;950.526
2.97568;1.81099;2.77108;0.960098;3.32947;32.5027;42.6451;0.122689;0.0710578;0.129577;0.234138;0.0778755;0.134403;0.176342;0.114074;0.0320568;0.479936;0.0647747;1.37785;0.109572;0.617116;0.169892;0.518158;0.119878;1.09295;0.350901;1.92629;0.18707;0.8051;0.364661;2;25;462.656;627.891;448.887;713.262;451.641;801.387;435.117;889.512;418.594;977.637;426.855;1063.01;470.918;1145.62;553.535;1206.21;641.66;1208.96;727.031;1184.18;815.156;1123.59;897.773;1046.48;980.391;963.867;1032.71;878.496;1079.53;790.371;1074.02;702.246;1074.02;616.875;1657.85;608.613;1666.11;685.723;1666.11;768.34;1685.39;850.957;1699.16;933.574;1688.14;1016.19;1652.34;1093.3;1575.23;1145.62;1492.62;1145.62;1412.75;1120.84;1330.14;1076.78;1247.52;1018.95;1173.16;944.59;1109.82;861.973;1079.53;779.355;1074.02;696.738;1074.02;618.17;1051.28;304.809;1055.43;1165.32;678.044;1088.6;1461.84;993.221
